t,player_x,obs1_x,obs1_y,obs2_x,obs2_y,obs3_x,obs3_y
0.055,0.5000,-1,-1,-1,-1,-1,-1
0.103,0.5000,-1,-1,-1,-1,-1,-1
0.150,0.5000,-1,-1,-1,-1,-1,-1
0.196,0.5000,-1,-1,-1,-1,-1,-1
0.245,0.5000,-1,-1,-1,-1,-1,-1
0.291,0.5000,-1,-1,-1,-1,-1,-1
0.338,0.5000,-1,-1,-1,-1,-1,-1
0.401,0.5000,-1,-1,-1,-1,-1,-1
0.448,0.5000,-1,-1,-1,-1,-1,-1
0.495,0.5000,-1,-1,-1,-1,-1,-1
0.541,0.5000,-1,-1,-1,-1,-1,-1
0.604,0.5000,-1,-1,-1,-1,-1,-1
0.650,0.5000,-1,-1,-1,-1,-1,-1
0.698,0.5000,-1,-1,-1,-1,-1,-1
0.745,0.5000,-1,-1,-1,-1,-1,-1
0.793,0.5000,-1,-1,-1,-1,-1,-1
0.855,0.5308,-1,-1,-1,-1,-1,-1
0.918,0.5469,-1,-1,-1,-1,-1,-1
0.952,0.5378,-1,-1,-1,-1,-1,-1
1.011,0.5082,0.8809,-0.0096,-1,-1,-1,-1
1.061,0.5082,0.8809,-0.0019,-1,-1,-1,-1
1.108,0.5082,0.8809,0.0054,-1,-1,-1,-1
1.155,0.5082,0.8809,0.0127,-1,-1,-1,-1
1.202,0.5082,0.8809,0.0200,-1,-1,-1,-1
1.263,0.5082,0.8809,0.0295,-1,-1,-1,-1
1.310,0.5082,0.8809,0.0367,-1,-1,-1,-1
1.356,0.5082,0.8809,0.0439,-1,-1,-1,-1
1.403,0.5082,0.8809,0.0511,-1,-1,-1,-1
1.450,0.5082,0.8809,0.0584,-1,-1,-1,-1
1.496,0.5082,0.8809,0.0656,-1,-1,-1,-1
1.543,0.5082,0.8809,0.0728,-1,-1,-1,-1
1.606,0.5082,0.8809,0.0826,-1,-1,-1,-1
1.669,0.5082,0.8809,0.0923,-1,-1,-1,-1
1.731,0.5082,0.8809,0.1020,-1,-1,-1,-1
1.778,0.5082,0.8809,0.1093,-1,-1,-1,-1
1.839,0.5082,0.8809,0.1187,-1,-1,-1,-1
1.901,0.5082,0.8809,0.1283,-1,-1,-1,-1
1.964,0.5082,0.8809,0.1380,0.7176,-0.0140,-1,-1
2.011,0.5082,0.8809,0.1454,0.7176,-0.0063,-1,-1
2.058,0.5082,0.8809,0.1526,0.7176,0.0011,-1,-1
2.120,0.5082,0.8809,0.1622,0.7176,0.0111,-1,-1
2.168,0.5082,0.8809,0.1696,0.7176,0.0187,-1,-1
2.214,0.5082,0.8809,0.1767,0.7176,0.0260,-1,-1
2.260,0.5082,0.8809,0.1839,0.7176,0.0334,-1,-1
2.323,0.5082,0.8809,0.1936,0.7176,0.0435,-1,-1
2.370,0.5082,0.8809,0.2009,0.7176,0.0509,-1,-1
2.416,0.5082,0.8809,0.2081,0.7176,0.0583,-1,-1
2.478,0.5082,0.8809,0.2177,0.7176,0.0682,-1,-1
2.525,0.5082,0.8809,0.2249,0.7176,0.0757,-1,-1
2.588,0.5082,0.8809,0.2346,0.7176,0.0858,-1,-1
2.651,0.5082,0.8809,0.2444,0.7176,0.0958,-1,-1
2.697,0.5082,0.8809,0.2516,0.7176,0.1032,-1,-1
2.744,0.5082,0.8809,0.2589,0.7176,0.1108,-1,-1
2.791,0.5082,0.8809,0.2661,0.7176,0.1182,-1,-1
2.837,0.5082,0.8809,0.2732,0.7176,0.1256,-1,-1
2.884,0.5082,0.8809,0.2805,0.7176,0.1330,-1,-1
2.946,0.5082,0.8809,0.2902,0.7176,0.1430,0.0324,-0.0085
2.993,0.5082,0.8809,0.2974,0.7176,0.1505,0.0324,-0.0008
3.039,0.5082,0.8809,0.3045,0.7176,0.1578,0.0324,0.0068
3.085,0.5082,0.8809,0.3117,0.7176,0.1653,0.0324,0.0144
3.131,0.5082,0.8809,0.3189,0.7176,0.1726,0.0324,0.0220
3.180,0.5082,0.8809,0.3264,0.7176,0.1804,0.0324,0.0300
3.227,0.5000,0.8809,0.3336,0.7176,0.1879,0.0324,0.0377
3.274,0.4766,0.8809,0.3409,0.7176,0.1954,0.0324,0.0454
3.322,0.4604,0.8809,0.3484,0.7176,0.2031,0.0324,0.0534
3.370,0.4604,0.8809,0.3559,0.7176,0.2108,0.0324,0.0614
3.417,0.4604,0.8809,0.3630,0.7176,0.2182,0.0324,0.0690
3.464,0.4604,0.8809,0.3703,0.7176,0.2257,0.0324,0.0767
3.512,0.4604,0.8809,0.3778,0.7176,0.2335,0.0324,0.0847
3.574,0.4604,0.8809,0.3873,0.7176,0.2433,0.0324,0.0948
3.620,0.4604,0.8809,0.3945,0.7176,0.2507,0.0324,0.1024
3.667,0.4604,0.8809,0.4018,0.7176,0.2582,0.0324,0.1101
3.728,0.4604,0.8809,0.4112,0.7176,0.2680,0.0324,0.1202
3.790,0.4604,0.8809,0.4209,0.7176,0.2779,0.0324,0.1304
3.837,0.4604,0.8809,0.4281,0.7176,0.2853,0.0324,0.1381
3.884,0.4604,0.8809,0.4354,0.7176,0.2929,0.0324,0.1458
3.930,0.4604,0.8809,0.4426,0.7176,0.3003,0.0324,0.1535
3.993,0.4604,0.8809,0.4524,0.7176,0.3104,0.0324,0.1639
4.055,0.4604,0.8809,0.4619,0.7176,0.3202,0.0324,0.1740
4.103,0.4604,0.8809,0.4693,0.7176,0.3279,0.0324,0.1819
4.149,0.4604,0.8809,0.4765,0.7176,0.3353,0.0324,0.1895
4.196,0.4604,0.8809,0.4837,0.7176,0.3427,0.0324,0.1972
4.259,0.4604,0.8809,0.4935,0.7176,0.3528,0.0324,0.2075
4.306,0.4604,0.8809,0.5007,0.7176,0.3603,0.0324,0.2153
4.352,0.4604,0.8809,0.5080,0.7176,0.3678,0.0324,0.2230
4.399,0.4604,0.8809,0.5152,0.7176,0.3753,0.0324,0.2307
4.462,0.4604,0.8809,0.5250,0.7176,0.3853,0.0324,0.2410
4.508,0.4604,0.8809,0.5321,0.7176,0.3926,0.0324,0.2485
4.556,0.4604,0.8809,0.5396,0.7176,0.4004,0.0324,0.2565
4.619,0.4604,0.8809,0.5493,0.7176,0.4104,0.0324,0.2668
4.680,0.4604,0.8809,0.5587,0.7176,0.4201,0.0324,0.2768
4.742,0.4604,0.8809,0.5684,0.7176,0.4301,0.0324,0.2872
4.789,0.4604,0.8809,0.5756,0.7176,0.4375,0.0324,0.2948
4.836,0.4604,0.8809,0.5828,0.7176,0.4450,0.0324,0.3025
4.883,0.4604,0.8809,0.5902,0.7176,0.4526,0.0324,0.3103
4.930,0.4604,0.8809,0.5974,0.7176,0.4600,0.0324,0.3180
4.976,0.4604,0.8809,0.6046,0.7176,0.4675,0.0324,0.3256
5.023,0.4604,0.8809,0.6118,0.7176,0.4749,0.0324,0.3333
5.069,0.4604,0.8809,0.6190,0.7176,0.4823,0.0324,0.3409
5.130,0.4604,0.8809,0.6284,0.7176,0.4920,0.0324,0.3509
5.177,0.4604,0.8809,0.6357,0.7176,0.4996,0.0324,0.3587
5.240,0.4604,0.8809,0.6454,0.7176,0.5096,0.0324,0.3690
5.286,0.4604,0.8809,0.6527,0.7176,0.5171,0.0324,0.3767
5.334,0.4604,0.8809,0.6600,0.7176,0.5246,0.0324,0.3845
5.394,0.4604,0.8809,0.6694,0.7176,0.5343,0.0324,0.3944
5.441,0.4604,0.8809,0.6767,0.7176,0.5418,0.0324,0.4022
5.490,0.4604,0.8809,0.6842,0.7176,0.5496,0.0324,0.4102
5.552,0.4604,0.8809,0.6938,0.7176,0.5594,0.0324,0.4203
5.600,0.4604,0.8809,0.7013,0.7176,0.5672,0.0324,0.4283
5.646,0.4604,0.8809,0.7084,0.7176,0.5746,0.0324,0.4359
5.694,0.4604,0.8809,0.7158,0.7176,0.5822,0.0324,0.4438
5.741,0.4604,0.8809,0.7231,0.7176,0.5897,0.0324,0.4515
5.788,0.4604,0.8809,0.7303,0.7176,0.5972,0.0324,0.4592
5.835,0.4604,0.8809,0.7377,0.7176,0.6048,0.0324,0.4670
5.897,0.4604,0.8809,0.7472,0.7176,0.6146,0.0324,0.4771
5.946,0.4604,0.8809,0.7548,0.7176,0.6224,0.0324,0.4851
5.992,0.4604,0.8809,0.7620,0.7176,0.6299,0.0324,0.4929
6.039,0.4604,0.8809,0.7692,0.7176,0.6373,0.0324,0.5005
6.100,0.4604,0.8809,0.7788,0.7176,0.6472,0.0324,0.5107
6.148,0.4604,0.8809,0.7861,0.7176,0.6547,0.0324,0.5185
6.194,0.4604,0.8809,0.7933,0.7176,0.6621,0.0324,0.5261
6.242,0.4448,0.8809,0.8006,0.7176,0.6697,0.0324,0.5339
6.288,0.4448,0.8809,0.8078,0.7176,0.6771,0.0324,0.5415
6.334,0.4448,0.8809,0.8149,0.7176,0.6844,0.0324,0.5491
6.380,0.4448,0.8809,0.8221,0.7176,0.6918,0.0324,0.5567
6.428,0.4448,0.8809,0.8294,0.7176,0.6994,0.0324,0.5645
6.491,0.4448,0.8809,0.8392,0.7176,0.7095,0.0324,0.5749
6.538,0.4448,0.8809,0.8465,0.7176,0.7170,0.0324,0.5826
6.586,0.4287,0.8809,0.8540,0.7176,0.7248,0.0324,0.5906
6.633,0.4055,0.8809,0.8612,0.7176,0.7322,0.0324,0.5982
6.694,0.4055,0.8809,0.8707,0.7176,0.7420,0.0324,0.6083
6.741,0.4055,0.8809,0.8781,0.7176,0.7496,0.0324,0.6161
6.789,0.4055,0.8809,0.8854,0.7176,0.7571,0.0324,0.6239
6.852,0.4055,0.8809,0.8951,0.7176,0.7672,0.0324,0.6343
6.899,0.4055,0.8809,0.9024,0.7176,0.7748,0.0324,0.6421
6.945,0.4055,0.8809,0.9096,0.7176,0.7822,0.0324,0.6497
6.993,0.4055,0.8809,0.9171,0.7176,0.7899,0.0324,0.6576
7.055,0.4055,0.8809,0.9266,0.7176,0.7997,0.0324,0.6677
7.102,0.4055,0.8809,0.9339,0.7176,0.8072,0.0324,0.6754
7.163,0.4055,0.8809,0.9433,0.7176,0.8169,0.0324,0.6855
7.209,0.4055,0.8809,0.9504,0.7176,0.8243,0.0324,0.6930
7.255,0.4055,0.8809,0.9576,0.7176,0.8317,0.0324,0.7007
7.317,0.3747,0.8809,0.9672,0.7176,0.8416,0.0324,0.7108
7.380,0.3666,0.8809,0.9770,0.7176,0.8516,0.0324,0.7212
7.441,0.3666,0.8809,0.9865,0.7176,0.8614,0.0324,0.7313
7.489,0.3666,0.8809,0.9939,0.7176,0.8691,0.0324,0.7392
7.536,0.3666,0.8809,1.0012,0.7176,0.8766,0.0324,0.7469
7.599,0.3666,0.8809,1.0109,0.7176,0.8866,0.0324,0.7572
7.661,0.3666,0.7176,0.8966,0.0324,0.7675,0.1521,0.6289
7.708,0.3666,0.7176,0.9041,0.0324,0.7752,0.1521,0.6368
7.757,0.3666,0.7176,0.9118,0.0324,0.7832,0.1521,0.6450
7.804,0.3666,0.7176,0.9194,0.0324,0.7910,0.1521,0.6531
7.865,0.3666,0.7176,0.9292,0.0324,0.8011,0.1521,0.6635
7.912,0.3666,0.7176,0.9367,0.0324,0.8088,0.1521,0.6714
7.973,0.3666,0.7176,0.9464,0.0324,0.8188,0.1521,0.6817
8.019,0.3666,0.7176,0.9538,0.0324,0.8264,0.1521,0.6895
8.066,0.3666,0.7176,0.9613,0.0324,0.8341,0.1521,0.6975
8.128,0.3666,0.7176,0.9712,0.0324,0.8443,0.1521,0.7079
8.174,0.3666,0.7176,0.9786,0.0324,0.8520,0.1521,0.7158
8.236,0.3666,0.7176,0.9885,0.0324,0.8621,0.1521,0.7262
8.299,0.3666,0.7176,0.9985,0.0324,0.8725,0.1521,0.7369
8.346,0.3666,0.7176,1.0060,0.0324,0.8802,0.1521,0.7448
8.409,0.3666,0.7176,1.0161,0.0324,0.8906,0.1521,0.7555
8.472,0.3666,0.0324,0.9009,0.1521,0.7661,0.5644,0.6271
8.535,0.3666,0.0324,0.9114,0.1521,0.7769,0.5644,0.6382
8.582,0.3666,0.0324,0.9191,0.1521,0.7848,0.5644,0.6463
8.629,0.3666,0.0324,0.9268,0.1521,0.7927,0.5644,0.6544
8.694,0.3666,0.0324,0.9374,0.1521,0.8037,0.5644,0.6657
8.755,0.3666,0.0324,0.9476,0.1521,0.8141,0.5644,0.6764
8.818,0.3666,0.0324,0.9578,0.1521,0.8247,0.5644,0.6873
8.865,0.3666,0.0324,0.9656,0.1521,0.8327,0.5644,0.6954
8.912,0.3666,0.0324,0.9734,0.1521,0.8407,0.5644,0.7037
8.959,0.3666,0.0324,0.9810,0.1521,0.8486,0.5644,0.7118
9.019,0.3666,0.0324,0.9910,0.1521,0.8589,0.5644,0.7223
9.082,0.3666,0.0324,1.0014,0.1521,0.8695,0.5644,0.7333
9.130,0.3666,0.0324,1.0092,0.1521,0.8775,0.5644,0.7415
9.175,0.3666,0.0324,1.0167,0.1521,0.8853,0.5644,0.7495
9.238,0.3666,0.1521,0.8959,0.5644,0.7604,0.6876,0.6193
9.285,0.3666,0.1521,0.9039,0.5644,0.7686,0.6876,0.6277
9.332,0.3666,0.1521,0.9119,0.5644,0.7768,0.6876,0.6362
9.379,0.3666,0.1521,0.9198,0.5644,0.7850,0.6876,0.6446
9.426,0.3666,0.1521,0.9278,0.5644,0.7931,0.6876,0.6530
9.475,0.3666,0.1521,0.9360,0.5644,0.8016,0.6876,0.6616
9.521,0.3666,0.1521,0.9438,0.5644,0.8096,0.6876,0.6698
9.568,0.3666,0.1521,0.9518,0.5644,0.8178,0.6876,0.6782
9.630,0.3666,0.1521,0.9623,0.5644,0.8286,0.6876,0.6893
9.694,0.3666,0.1521,0.9731,0.5644,0.8397,0.6876,0.7007
9.741,0.3666,0.1521,0.9810,0.5644,0.8478,0.6876,0.7091
9.787,0.3666,0.1521,0.9888,0.5644,0.8559,0.6876,0.7173
9.849,0.3666,0.1521,0.9993,0.5644,0.8666,0.6876,0.7284
9.895,0.3666,0.1521,1.0071,0.5644,0.8747,0.6876,0.7366
9.942,0.3666,0.1521,1.0150,0.5644,0.8828,0.6876,0.7449
9.988,0.3666,0.5644,0.8908,0.6876,0.7532,0.1058,0.6091
10.035,0.3666,0.5644,0.8990,0.6876,0.7616,0.1058,0.6177
10.081,0.3666,0.5644,0.9071,0.6876,0.7699,0.1058,0.6262
10.143,0.3666,0.5644,0.9178,0.6876,0.7808,0.1058,0.6375
10.205,0.3666,0.5644,0.9286,0.6876,0.7919,0.1058,0.6488
10.267,0.3666,0.5644,0.9394,0.6876,0.8030,0.1058,0.6602
10.313,0.3666,0.5644,0.9474,0.6876,0.8113,0.1058,0.6686
10.360,0.3666,0.5644,0.9556,0.6876,0.8197,0.1058,0.6773
10.407,0.3666,0.5644,0.9638,0.6876,0.8280,0.1058,0.6858
10.469,0.3666,0.5644,0.9746,0.6876,0.8391,0.1058,0.6972
10.516,0.3666,0.5644,0.9827,0.6876,0.8475,0.1058,0.7057
10.564,0.3666,0.5644,0.9910,0.6876,0.8560,0.1058,0.7145
10.625,0.3666,0.5644,1.0016,0.6876,0.8669,0.1058,0.7256
10.672,0.3666,0.5644,1.0098,0.6876,0.8753,0.1058,0.7343
10.719,0.3666,0.5644,1.0180,0.6876,0.8837,0.1058,0.7428
10.782,0.3666,0.6876,0.8950,0.1058,0.7544,0.7771,0.6126
10.844,0.3666,0.6876,0.9060,0.1058,0.7658,0.7771,0.6242
10.891,0.3666,0.6876,0.9144,0.1058,0.7743,0.7771,0.6330
10.938,0.3666,0.6876,0.9228,0.1058,0.7829,0.7771,0.6417
11.000,0.3666,0.6876,0.9338,0.1058,0.7942,0.7771,0.6533
11.047,0.3666,0.6876,0.9422,0.1058,0.8028,0.7771,0.6621
11.094,0.3666,0.6876,0.9506,0.1058,0.8114,0.7771,0.6710
11.157,0.3666,0.6876,0.9618,0.1058,0.8228,0.7771,0.6827
11.219,0.3666,0.6876,0.9728,0.1058,0.8342,0.7771,0.6943
11.266,0.3666,0.6876,0.9812,0.1058,0.8428,0.7771,0.7030
11.328,0.3666,0.6876,0.9924,0.1058,0.8542,0.7771,0.7148
11.375,0.3899,0.6876,1.0007,0.1058,0.8628,0.7771,0.7235
11.438,0.4213,0.6876,1.0119,0.1058,0.8742,0.7771,0.7353
11.484,0.4213,0.1058,0.8827,0.7771,0.7440,0.7696,0.5972
11.533,0.4213,0.1058,0.8916,0.7771,0.7530,0.7696,0.6064
11.594,0.4213,0.1058,0.9028,0.7771,0.7645,0.7696,0.6182
11.656,0.4213,0.1058,0.9141,0.7771,0.7761,0.7696,0.6301
11.704,0.4213,0.1058,0.9230,0.7771,0.7852,0.7696,0.6393
11.766,0.4213,0.1058,0.9343,0.7771,0.7968,0.7696,0.6512
11.815,0.4213,0.1058,0.9432,0.7771,0.8059,0.7696,0.6605
11.861,0.4213,0.1058,0.9517,0.7771,0.8145,0.7696,0.6694
11.908,0.4213,0.1058,0.9602,0.7771,0.8233,0.7696,0.6783
11.968,0.4213,0.1058,0.9712,0.7771,0.8345,0.7696,0.6898
12.030,0.4213,0.1058,0.9826,0.7771,0.8462,0.7696,0.7018
12.077,0.4213,0.1058,0.9912,0.7771,0.8550,0.7696,0.7107
12.124,0.4213,0.1058,0.9997,0.7771,0.8637,0.7696,0.7196
12.170,0.4213,0.1058,1.0081,0.7771,0.8723,0.7696,0.7284
12.217,0.4213,0.1058,1.0167,0.7771,0.8811,0.7696,0.7374
12.280,0.4213,0.7771,0.8930,0.7696,0.7496,0.2801,0.6008
12.327,0.4213,0.7771,0.9017,0.7696,0.7585,0.2801,0.6099
12.389,0.4213,0.7771,0.9133,0.7696,0.7704,0.2801,0.6221
12.435,0.4213,0.7771,0.9221,0.7696,0.7793,0.2801,0.6312
12.498,0.4213,0.7771,0.9337,0.7696,0.7912,0.2801,0.6434
12.559,0.4213,0.7771,0.9453,0.7696,0.8031,0.2801,0.6555
12.606,0.4213,0.7771,0.9540,0.7696,0.8120,0.2801,0.6646
12.668,0.4369,0.7771,0.9655,0.7696,0.8238,0.2801,0.6767
12.715,0.4604,0.7771,0.9743,0.7696,0.8328,0.2801,0.6858
12.761,0.4838,0.7771,0.9831,0.7696,0.8418,0.2801,0.6950
12.810,0.4919,0.7771,0.9923,0.7696,0.8511,0.2801,0.7046
12.873,0.4919,0.7771,1.0040,0.7696,0.8631,0.2801,0.7168
12.934,0.4919,0.7771,1.0154,0.7696,0.8748,0.2801,0.7288
12.981,0.4919,0.7696,0.8838,0.2801,0.7379,0.8216,0.5914
13.028,0.4919,0.7696,0.8928,0.2801,0.7471,0.8216,0.6008
13.075,0.4919,0.7696,0.9018,0.2801,0.7563,0.8216,0.6102
13.122,0.4919,0.7696,0.9107,0.2801,0.7655,0.8216,0.6196
13.168,0.4919,0.7696,0.9196,0.2801,0.7745,0.8216,0.6288
13.215,0.4919,0.7696,0.9286,0.2801,0.7837,0.8216,0.6382
13.262,0.4919,0.7696,0.9376,0.2801,0.7929,0.8216,0.6476
13.325,0.4919,0.7696,0.9497,0.2801,0.8053,0.8216,0.6602
13.372,0.4919,0.7696,0.9586,0.2801,0.8144,0.8216,0.6695
13.419,0.4919,0.7696,0.9677,0.2801,0.8236,0.8216,0.6790
13.481,0.4919,0.7696,0.9797,0.2801,0.8359,0.8216,0.6914
13.528,0.4919,0.7696,0.9886,0.2801,0.8450,0.8216,0.7007
13.575,0.4919,0.7696,0.9976,0.2801,0.8542,0.8216,0.7101
13.624,0.4919,0.7696,1.0069,0.2801,0.8637,0.8216,0.7199
13.685,0.4919,0.7696,1.0186,0.2801,0.8757,0.8216,0.7321
13.732,0.4919,0.2801,0.8849,0.8216,0.7415,0.1753,0.5950
13.780,0.4919,0.2801,0.8942,0.8216,0.7510,0.1753,0.6047
13.827,0.4919,0.2801,0.9035,0.8216,0.7605,0.1753,0.6143
13.874,0.4919,0.2801,0.9126,0.8216,0.7698,0.1753,0.6238
13.936,0.4919,0.2801,0.9249,0.8216,0.7823,0.1753,0.6366
13.985,0.4919,0.2801,0.9345,0.8216,0.7921,0.1753,0.6465
14.046,0.4919,0.2801,0.9463,0.8216,0.8042,0.1753,0.6589
14.093,0.4919,0.2801,0.9555,0.8216,0.8135,0.1753,0.6684
14.155,0.4919,0.2801,0.9676,0.8216,0.8259,0.1753,0.6810
14.202,0.4919,0.2801,0.9768,0.8216,0.8353,0.1753,0.6906
14.240,0.5029,0.2801,0.9843,0.8216,0.8429,0.1753,0.6984
14.295,0.5305,0.2801,0.9951,0.8216,0.8539,0.1753,0.7096
14.344,0.5305,0.2801,1.0047,0.8216,0.8637,0.1753,0.7196
14.406,0.5305,0.2801,1.0167,0.8216,0.8760,0.1753,0.7321
14.468,0.5305,0.8216,0.8884,0.1753,0.7448,0.3230,0.5972
14.515,0.5305,0.8216,0.8977,0.1753,0.7543,0.3230,0.6070
14.561,0.5305,0.8216,0.9070,0.1753,0.7637,0.3230,0.6165
14.622,0.5305,0.8216,0.9192,0.1753,0.7762,0.3230,0.6292
14.669,0.5305,0.8216,0.9285,0.1753,0.7857,0.3230,0.6389
14.715,0.5305,0.8216,0.9378,0.1753,0.7952,0.3230,0.6486
14.763,0.5305,0.8216,0.9474,0.1753,0.8049,0.3230,0.6585
14.809,0.5305,0.8216,0.9566,0.1753,0.8143,0.3230,0.6681
14.856,0.5305,0.8216,0.9660,0.1753,0.8239,0.3230,0.6779
14.905,0.5305,0.8216,0.9756,0.1753,0.8338,0.3230,0.6879
14.965,0.5305,0.8216,0.9878,0.1753,0.8462,0.3230,0.7005
15.029,0.5305,0.8216,1.0005,0.1753,0.8591,0.3230,0.7137
15.076,0.5305,0.8216,1.0098,0.1753,0.8686,0.3230,0.7234
15.123,0.5305,0.1753,0.8782,0.3230,0.7332,0.3363,0.5887
15.169,0.5305,0.1753,0.8876,0.3230,0.7428,0.3363,0.5985
15.230,0.5305,0.1753,0.9001,0.3230,0.7555,0.3363,0.6115
15.292,0.5305,0.1753,0.9127,0.3230,0.7684,0.3363,0.6245
15.339,0.5305,0.1753,0.9222,0.3230,0.7781,0.3363,0.6344
15.386,0.5305,0.1753,0.9318,0.3230,0.7878,0.3363,0.6444
15.433,0.5305,0.1753,0.9415,0.3230,0.7977,0.3363,0.6544
15.480,0.5305,0.1753,0.9510,0.3230,0.8074,0.3363,0.6643
15.528,0.5305,0.1753,0.9607,0.3230,0.8173,0.3363,0.6744
15.575,0.5305,0.1753,0.9703,0.3230,0.8270,0.3363,0.6843
15.638,0.5305,0.1753,0.9831,0.3230,0.8401,0.3363,0.6977
15.685,0.5305,0.1753,0.9926,0.3230,0.8498,0.3363,0.7075
15.732,0.5305,0.1753,1.0023,0.3230,0.8596,0.3363,0.7175
15.779,0.5305,0.1753,1.0119,0.3230,0.8694,0.3363,0.7275
15.826,0.5305,0.3230,0.8792,0.3363,0.7374,0.7819,0.5867
15.888,0.5305,0.3230,0.8921,0.3363,0.7505,0.7819,0.6001
15.935,0.5305,0.3230,0.9019,0.3363,0.7605,0.7819,0.6103
15.983,0.5224,0.3230,0.9118,0.3363,0.7706,0.7819,0.6205
16.029,0.5073,0.3230,0.9214,0.3363,0.7804,0.7819,0.6305
16.076,0.5073,0.3230,0.9311,0.3363,0.7903,0.7819,0.6405
16.139,0.5073,0.3230,0.9442,0.3363,0.8036,0.7819,0.6541
16.187,0.5073,0.3230,0.9541,0.3363,0.8137,0.7819,0.6644
16.233,0.5073,0.3230,0.9637,0.3363,0.8235,0.7819,0.6743
16.280,0.5073,0.3230,0.9733,0.3363,0.8333,0.7819,0.6843
16.326,0.5073,0.3230,0.9830,0.3363,0.8432,0.7819,0.6944
16.373,0.5073,0.3230,0.9928,0.3363,0.8531,0.7819,0.7045
16.436,0.5073,0.3230,1.0058,0.3363,0.8664,0.7819,0.7180
16.499,0.5073,0.3363,0.8797,0.7819,0.7315,0.5114,0.5866
16.546,0.5073,0.3363,0.8895,0.7819,0.7416,0.5114,0.5969
16.607,0.5073,0.3363,0.9026,0.7819,0.7549,0.5114,0.6104
16.653,0.5073,0.3363,0.9123,0.7819,0.7647,0.5114,0.6204
16.700,0.5073,0.3363,0.9221,0.7819,0.7747,0.5114,0.6306
16.746,0.5073,0.3363,0.9319,0.7819,0.7847,0.5114,0.6408
16.808,0.5073,0.3363,0.9450,0.7819,0.7980,0.5114,0.6543
16.855,0.4921,0.3363,0.9548,0.7819,0.8080,0.5114,0.6645
16.916,0.4614,0.3363,0.9678,0.7819,0.8213,0.5114,0.6779
16.978,0.4305,0.3363,0.9809,0.7819,0.8345,0.5114,0.6914
17.024,0.4074,0.3363,0.9907,0.7819,0.8445,0.5114,0.7016
17.071,0.3841,0.3363,1.0005,0.7819,0.8545,0.5114,0.7118
17.133,0.3529,0.3363,1.0137,0.7819,0.8680,0.5114,0.7254
17.180,0.3294,0.7819,0.8781,0.5114,0.7357,0.5016,0.5845
17.226,0.3062,0.7819,0.8880,0.5114,0.7458,0.5016,0.5948
17.273,0.2827,0.7819,0.8982,0.5114,0.7561,0.5016,0.6053
17.321,0.2589,0.7819,0.9084,0.5114,0.7665,0.5016,0.6159
17.356,0.2505,0.7819,0.9159,0.5114,0.7742,0.5016,0.6236
17.413,0.2505,0.7819,0.9283,0.5114,0.7867,0.5016,0.6364
17.460,0.2505,0.7819,0.9383,0.5114,0.7970,0.5016,0.6468
17.506,0.2505,0.7819,0.9483,0.5114,0.8071,0.5016,0.6571
17.552,0.2505,0.7819,0.9582,0.5114,0.8172,0.5016,0.6674
17.600,0.2505,0.7819,0.9683,0.5114,0.8275,0.5016,0.6778
17.646,0.2505,0.7819,0.9784,0.5114,0.8377,0.5016,0.6882
17.708,0.2505,0.7819,0.9916,0.5114,0.8512,0.5016,0.7019
17.755,0.2505,0.7819,1.0018,0.5114,0.8615,0.5016,0.7124
17.802,0.2505,0.7819,1.0118,0.5114,0.8717,0.5016,0.7228
17.849,0.2505,0.5114,0.8820,0.5016,0.7332,0.1028,0.5868
17.894,0.2733,0.5114,0.8920,0.5016,0.7433,0.1028,0.5971
17.956,0.3042,0.5114,0.9055,0.5016,0.7571,0.1028,0.6111
18.018,0.3042,0.5114,0.9191,0.5016,0.7710,0.1028,0.6252
18.079,0.3042,0.5114,0.9324,0.5016,0.7845,0.1028,0.6389
18.127,0.3042,0.5114,0.9428,0.5016,0.7951,0.1028,0.6497
18.189,0.3042,0.5114,0.9564,0.5016,0.8089,0.1028,0.6637
18.236,0.3276,0.5114,0.9667,0.5016,0.8193,0.1028,0.6743
18.284,0.3357,0.5114,0.9773,0.5016,0.8301,0.1028,0.6853
18.345,0.3357,0.5114,0.9907,0.5016,0.8437,0.1028,0.6991
18.392,0.3357,0.5114,1.0008,0.5016,0.8540,0.1028,0.7096
18.454,0.3357,0.5114,1.0146,0.5016,0.8680,0.1028,0.7237
18.516,0.3357,0.5016,0.8817,0.1028,0.7377,0.8951,0.5915
18.563,0.3357,0.5016,0.8921,0.1028,0.7483,0.8951,0.6022
18.610,0.3357,0.5016,0.9026,0.1028,0.7590,0.8951,0.6131
18.672,0.3357,0.5016,0.9163,0.1028,0.7728,0.8951,0.6271
18.706,0.3449,0.5016,0.9240,0.1028,0.7807,0.8951,0.6351
18.750,0.3665,0.5016,0.9336,0.1028,0.7905,0.8951,0.6450
18.811,0.3827,0.5016,0.9474,0.1028,0.8044,0.8951,0.6592
18.874,0.3827,0.5016,0.9613,0.1028,0.8185,0.8951,0.6735
18.921,0.3827,0.5016,0.9718,0.1028,0.8293,0.8951,0.6844
18.984,0.4058,0.5016,0.9858,0.1028,0.8435,0.8951,0.6988
19.031,0.4211,0.5016,0.9962,0.1028,0.8541,0.8951,0.7096
19.077,0.4211,0.5016,1.0065,0.1028,0.8645,0.8951,0.7202
19.124,0.4211,0.5016,1.0170,0.1028,0.8751,0.8951,0.7310
19.188,0.4211,0.1028,0.8895,0.8951,0.7455,0.3076,0.5966
19.235,0.4449,0.1028,0.9002,0.8951,0.7564,0.3076,0.6076
19.282,0.4681,0.1028,0.9107,0.8951,0.7671,0.3076,0.6184
19.329,0.4917,0.1028,0.9213,0.8951,0.7779,0.3076,0.6294
19.390,0.4917,0.1028,0.9351,0.8951,0.7918,0.3076,0.6436
19.436,0.4917,0.1028,0.9457,0.8951,0.8026,0.3076,0.6545
19.482,0.5145,0.1028,0.9560,0.8951,0.8131,0.3076,0.6651
19.544,0.5455,0.1028,0.9700,0.8951,0.8273,0.3076,0.6796
19.590,0.5536,0.1028,0.9804,0.8951,0.8378,0.3076,0.6902
19.639,0.5536,0.1028,0.9914,0.8951,0.8490,0.3076,0.7016
19.700,0.5536,0.1028,1.0053,0.8951,0.8631,0.3076,0.7159
19.761,0.5536,0.8951,0.8772,0.3076,0.7302,0.7973,0.5801
19.810,0.5536,0.8951,0.8884,0.3076,0.7415,0.7973,0.5916
19.858,0.5536,0.8951,0.8992,0.3076,0.7526,0.7973,0.6028
19.905,0.5536,0.8951,0.9100,0.3076,0.7635,0.7973,0.6139
19.951,0.5536,0.8951,0.9207,0.3076,0.7744,0.7973,0.6249
20.014,0.5536,0.8951,0.9350,0.3076,0.7889,0.7973,0.6397
20.076,0.5536,0.8951,0.9492,0.3076,0.8033,0.7973,0.6543
20.122,0.5536,0.8951,0.9600,0.3076,0.8142,0.7973,0.6653
20.169,0.5536,0.8951,0.9707,0.3076,0.8252,0.7973,0.6764
20.216,0.5536,0.8951,0.9814,0.3076,0.8360,0.7973,0.6874
20.262,0.5536,0.8951,0.9921,0.3076,0.8468,0.7973,0.6984
20.325,0.5536,0.8951,1.0064,0.3076,0.8613,0.7973,0.7131
20.371,0.5536,0.8951,1.0169,0.3076,0.8720,0.7973,0.7240
20.418,0.5536,0.3076,0.8830,0.7973,0.7351,0.3464,0.5895
20.464,0.5536,0.3076,0.8938,0.7973,0.7461,0.3464,0.6006
20.511,0.5536,0.3076,0.9047,0.7973,0.7571,0.3464,0.6118
20.558,0.5536,0.3076,0.9158,0.7973,0.7683,0.3464,0.6231
20.621,0.5536,0.3076,0.9305,0.7973,0.7832,0.3464,0.6383
20.683,0.5536,0.3076,0.9448,0.7973,0.7978,0.3464,0.6530
20.730,0.5536,0.3076,0.9558,0.7973,0.8089,0.3464,0.6643
20.776,0.5536,0.3076,0.9665,0.7973,0.8198,0.3464,0.6753
20.823,0.5536,0.3076,0.9773,0.7973,0.8307,0.3464,0.6864
20.869,0.5536,0.3076,0.9882,0.7973,0.8417,0.3464,0.6976
20.932,0.5536,0.3076,1.0028,0.7973,0.8566,0.3464,0.7126
20.980,0.5536,0.3076,1.0138,0.7973,0.8678,0.3464,0.7240
21.028,0.5536,0.7973,0.8792,0.3464,0.7355,0.8960,0.5909
21.090,0.5536,0.7973,0.8939,0.3464,0.7504,0.8960,0.6060
21.137,0.5536,0.7973,0.9050,0.3464,0.7617,0.8960,0.6174
21.183,0.5536,0.7973,0.9159,0.3464,0.7728,0.8960,0.6286
21.230,0.5536,0.7973,0.9269,0.3464,0.7840,0.8960,0.6399
21.276,0.5536,0.7973,0.9379,0.3464,0.7951,0.8960,0.6512
21.322,0.5536,0.7973,0.9488,0.3464,0.8061,0.8960,0.6624
21.369,0.5536,0.7973,0.9598,0.3464,0.8172,0.8960,0.6737
21.431,0.5536,0.7973,0.9745,0.3464,0.8322,0.8960,0.6888
21.477,0.5536,0.7973,0.9853,0.3464,0.8432,0.8960,0.6999
21.524,0.5536,0.7973,0.9964,0.3464,0.8544,0.8960,0.7113
21.571,0.5536,0.7973,1.0075,0.3464,0.8656,0.8960,0.7227
21.618,0.5536,0.7973,1.0187,0.3464,0.8770,0.8960,0.7342
21.665,0.5536,0.3464,0.8881,0.8960,0.7455,0.9069,0.5983
21.726,0.5536,0.3464,0.9027,0.8960,0.7603,0.9069,0.6133
21.789,0.5536,0.3464,0.9179,0.8960,0.7757,0.9069,0.6289
21.851,0.5536,0.3464,0.9326,0.8960,0.7906,0.9069,0.6440
21.898,0.5536,0.3464,0.9439,0.8960,0.8020,0.9069,0.6556
21.944,0.5536,0.3464,0.9550,0.8960,0.8133,0.9069,0.6670
22.006,0.5536,0.3464,0.9697,0.8960,0.8283,0.9069,0.6822
22.054,0.5536,0.3464,0.9813,0.8960,0.8400,0.9069,0.6941
22.101,0.5536,0.3464,0.9926,0.8960,0.8515,0.9069,0.7057
22.148,0.5536,0.3464,1.0038,0.8960,0.8628,0.9069,0.7171
22.195,0.5536,0.3464,1.0151,0.8960,0.8743,0.9069,0.7288
22.258,0.5536,0.8960,0.8894,0.9069,0.7442,0.4001,0.5987
22.319,0.5536,0.8960,0.9043,0.9069,0.7592,0.4001,0.6139
22.366,0.5536,0.8960,0.9157,0.9069,0.7707,0.4001,0.6256
22.414,0.5536,0.8960,0.9273,0.9069,0.7825,0.4001,0.6375
22.476,0.5536,0.8960,0.9424,0.9069,0.7978,0.4001,0.6531
22.523,0.5536,0.8960,0.9539,0.9069,0.8095,0.4001,0.6649
22.570,0.5536,0.8960,0.9652,0.9069,0.8209,0.4001,0.6764
22.631,0.5536,0.8960,0.9800,0.9069,0.8360,0.4001,0.6916
22.678,0.5536,0.8960,0.9914,0.9069,0.8475,0.4001,0.7033
22.726,0.5536,0.8960,1.0030,0.9069,0.8592,0.4001,0.7152
22.787,0.5536,0.8960,1.0178,0.9069,0.8742,0.4001,0.7304
22.834,0.5536,0.9069,0.8858,0.4001,0.7422,0.4444,0.6018
22.896,0.5536,0.9069,0.9012,0.4001,0.7576,0.4444,0.6175
22.943,0.5536,0.9069,0.9126,0.4001,0.7692,0.4444,0.6292
23.004,0.5536,0.9069,0.9278,0.4001,0.7846,0.4444,0.6448
23.051,0.5536,0.9069,0.9393,0.4001,0.7963,0.4444,0.6566
23.097,0.5536,0.9069,0.9506,0.4001,0.8078,0.4444,0.6682
23.144,0.5536,0.9069,0.9621,0.4001,0.8194,0.4444,0.6800
23.191,0.5536,0.9069,0.9737,0.4001,0.8311,0.4444,0.6918
23.238,0.5536,0.9069,0.9853,0.4001,0.8429,0.4444,0.7037
23.299,0.5536,0.9069,1.0002,0.4001,0.8579,0.4444,0.7190
23.345,0.5536,0.9069,1.0116,0.4001,0.8695,0.4444,0.7306
23.392,0.5536,0.4001,0.8811,0.4444,0.7425,0.0500,0.6005
23.439,0.5536,0.4001,0.8928,0.4444,0.7543,0.0500,0.6124
23.486,0.5536,0.4001,0.9046,0.4444,0.7662,0.0500,0.6245
23.532,0.5536,0.4001,0.9161,0.4444,0.7778,0.0500,0.6362
23.579,0.5536,0.4001,0.9277,0.4444,0.7896,0.0500,0.6482
23.626,0.5536,0.4001,0.9394,0.4444,0.8014,0.0500,0.6601
23.674,0.5536,0.4001,0.9514,0.4444,0.8136,0.0500,0.6724
23.734,0.5536,0.4001,0.9662,0.4444,0.8286,0.0500,0.6876
23.781,0.5536,0.4001,0.9780,0.4444,0.8404,0.0500,0.6996
23.827,0.5536,0.4001,0.9895,0.4444,0.8521,0.0500,0.7114
23.889,0.5536,0.4001,1.0048,0.4444,0.8676,0.0500,0.7271
23.936,0.5536,0.4001,1.0164,0.4444,0.8794,0.0500,0.7390
23.984,0.5536,0.4444,0.8916,0.0500,0.7514,0.7865,0.6154
24.031,0.5536,0.4444,0.9033,0.0500,0.7632,0.7865,0.6274
24.077,0.5536,0.4444,0.9151,0.0500,0.7751,0.7865,0.6395
24.139,0.5536,0.4444,0.9306,0.0500,0.7908,0.7865,0.6553
24.186,0.5536,0.4444,0.9424,0.0500,0.8027,0.7865,0.6674
24.232,0.5536,0.4444,0.9540,0.0500,0.8145,0.7865,0.6793
24.278,0.5536,0.4444,0.9656,0.0500,0.8262,0.7865,0.6911
24.324,0.5536,0.4444,0.9773,0.0500,0.8380,0.7865,0.7031
24.371,0.5536,0.4444,0.9891,0.0500,0.8500,0.7865,0.7152
24.418,0.5536,0.4444,1.0010,0.0500,0.8620,0.7865,0.7273
24.464,0.5536,0.4444,1.0125,0.0500,0.8737,0.7865,0.7392
24.527,0.5536,0.0500,0.8899,0.7865,0.7555,0.2050,0.6135
24.577,0.5536,0.0500,0.9023,0.7865,0.7681,0.2050,0.6263
24.638,0.5536,0.0500,0.9179,0.7865,0.7839,0.2050,0.6422
24.684,0.5536,0.0500,0.9299,0.7865,0.7960,0.2050,0.6544
24.731,0.5536,0.0500,0.9418,0.7865,0.8081,0.2050,0.6666
24.794,0.5536,0.0500,0.9578,0.7865,0.8242,0.2050,0.6829
24.840,0.5536,0.0500,0.9695,0.7865,0.8361,0.2050,0.6950
24.888,0.5694,0.0500,0.9817,0.7865,0.8484,0.2050,0.7074
24.934,0.5926,0.0500,0.9935,0.7865,0.8603,0.2050,0.7195
24.981,0.5926,0.0500,1.0054,0.7865,0.8724,0.2050,0.7316
25.043,0.5926,0.7865,0.8883,0.2050,0.7478,0.8100,0.6122
25.090,0.5926,0.7865,0.9005,0.2050,0.7601,0.8100,0.6246
25.153,0.5926,0.7865,0.9167,0.2050,0.7764,0.8100,0.6411
25.200,0.5926,0.7865,0.9289,0.2050,0.7888,0.8100,0.6536
25.246,0.5926,0.7865,0.9408,0.2050,0.8008,0.8100,0.6657
25.293,0.5926,0.7865,0.9529,0.2050,0.8130,0.8100,0.6781
25.355,0.5926,0.7865,0.9689,0.2050,0.8292,0.8100,0.6945
25.404,0.5926,0.7865,0.9815,0.2050,0.8419,0.8100,0.7073
25.451,0.5926,0.7865,0.9936,0.2050,0.8542,0.8100,0.7197
25.513,0.5926,0.7865,1.0096,0.2050,0.8703,0.8100,0.7360
25.576,0.5926,0.2050,0.8867,0.8100,0.7526,0.4446,0.6159
25.624,0.5926,0.2050,0.8992,0.8100,0.7652,0.4446,0.6286
25.685,0.5926,0.2050,0.9151,0.8100,0.7813,0.4446,0.6449
25.731,0.5926,0.2050,0.9272,0.8100,0.7935,0.4446,0.6572
25.778,0.5926,0.2050,0.9393,0.8100,0.8058,0.4446,0.6696
25.825,0.5926,0.2050,0.9516,0.8100,0.8182,0.4446,0.6822
25.889,0.5926,0.2050,0.9682,0.8100,0.8349,0.4446,0.6991
25.950,0.5926,0.2050,0.9843,0.8100,0.8512,0.4446,0.7155
25.998,0.5926,0.2050,0.9967,0.8100,0.8638,0.4446,0.7282
26.045,0.5926,0.2050,1.0090,0.8100,0.8762,0.4446,0.7408
26.092,0.5926,0.8100,0.8885,0.4446,0.7532,0.0339,0.6150
26.140,0.5926,0.8100,0.9013,0.4446,0.7661,0.0339,0.6280
26.188,0.5926,0.8100,0.9138,0.4446,0.7788,0.0339,0.6408
26.235,0.5926,0.8100,0.9263,0.4446,0.7914,0.0339,0.6535
26.298,0.5926,0.8100,0.9427,0.4446,0.8079,0.0339,0.6702
26.344,0.5926,0.8100,0.9549,0.4446,0.8203,0.0339,0.6828
26.390,0.5926,0.8100,0.9671,0.4446,0.8326,0.0339,0.6952
26.451,0.5926,0.8100,0.9832,0.4446,0.8488,0.0339,0.7116
26.498,0.5926,0.8100,0.9953,0.4446,0.8611,0.0339,0.7240
26.545,0.5926,0.8100,1.0078,0.4446,0.8737,0.0339,0.7367
26.591,0.5926,0.4446,0.8861,0.0339,0.7492,0.3375,0.6172
26.638,0.5926,0.4446,0.8985,0.0339,0.7617,0.3375,0.6298
26.699,0.5926,0.4446,0.9149,0.0339,0.7782,0.3375,0.6465
26.762,0.5926,0.4446,0.9316,0.0339,0.7951,0.3375,0.6636
26.809,0.5926,0.4446,0.9440,0.0339,0.8077,0.3375,0.6763
26.856,0.5926,0.4446,0.9565,0.0339,0.8203,0.3375,0.6890
26.903,0.5926,0.4446,0.9690,0.0339,0.8330,0.3375,0.7018
26.950,0.5926,0.4446,0.9815,0.0339,0.8456,0.3375,0.7145
27.011,0.5926,0.4446,0.9978,0.0339,0.8620,0.3375,0.7311
27.058,0.5926,0.4446,1.0103,0.0339,0.8746,0.3375,0.7438
27.104,0.5926,0.0339,0.8870,0.3375,0.7564,0.0447,0.6224
27.151,0.5926,0.0339,0.8995,0.3375,0.7690,0.0447,0.6352
27.212,0.5926,0.0339,0.9160,0.3375,0.7857,0.0447,0.6520
27.259,0.5926,0.0339,0.9285,0.3375,0.7983,0.0447,0.6648
27.306,0.5926,0.0339,0.9412,0.3375,0.8111,0.0447,0.6777
27.353,0.5926,0.0339,0.9539,0.3375,0.8239,0.0447,0.6906
27.399,0.5926,0.0339,0.9663,0.3375,0.8365,0.0447,0.7033
27.446,0.5926,0.0339,0.9788,0.3375,0.8491,0.0447,0.7161
27.494,0.5926,0.0339,0.9918,0.3375,0.8623,0.0447,0.7293
27.556,0.5926,0.0339,1.0083,0.3375,0.8789,0.0447,0.7461
27.603,0.5926,0.3375,0.8917,0.0447,0.7590,0.3601,0.6283
27.665,0.5926,0.3375,0.9087,0.0447,0.7762,0.3601,0.6456
27.714,0.5926,0.3375,0.9219,0.0447,0.7896,0.3601,0.6591
27.761,0.5926,0.3375,0.9347,0.0447,0.8025,0.3601,0.6722
27.824,0.5926,0.3375,0.9518,0.0447,0.8198,0.3601,0.6896
27.886,0.5926,0.3375,0.9686,0.0447,0.8367,0.3601,0.7066
27.936,0.5836,0.3375,0.9822,0.0447,0.8504,0.3601,0.7205
27.996,0.5537,0.3375,0.9985,0.0447,0.8668,0.3601,0.7371
28.043,0.5537,0.3375,1.0112,0.0447,0.8797,0.3601,0.7500
28.089,0.5537,0.0447,0.8923,0.3601,0.7628,0.8852,0.6343
28.136,0.5537,0.0447,0.9052,0.3601,0.7757,0.8852,0.6474
28.188,0.5439,0.0447,0.9194,0.3601,0.7901,0.8852,0.6619
28.232,0.5302,0.0447,0.9313,0.3601,0.8021,0.8852,0.6740
28.295,0.5302,0.0447,0.9486,0.3601,0.8196,0.8852,0.6916
28.343,0.5302,0.0447,0.9618,0.3601,0.8329,0.8852,0.7051
28.390,0.5302,0.0447,0.9747,0.3601,0.8459,0.8852,0.7181
28.451,0.5302,0.0447,0.9914,0.3601,0.8628,0.8852,0.7352
28.512,0.5302,0.0447,1.0082,0.3601,0.8797,0.8852,0.7523
28.574,0.5302,0.3601,0.8969,0.8852,0.7696,0.7322,0.6347
28.622,0.5302,0.3601,0.9102,0.8852,0.7830,0.7322,0.6482
28.670,0.5302,0.3601,0.9235,0.8852,0.7964,0.7322,0.6617
28.718,0.5302,0.3601,0.9366,0.8852,0.8097,0.7322,0.6751
28.764,0.5302,0.3601,0.9494,0.8852,0.8226,0.7322,0.6881
28.810,0.5302,0.3601,0.9622,0.8852,0.8355,0.7322,0.7011
28.856,0.5157,0.3601,0.9747,0.8852,0.8481,0.7322,0.7139
28.904,0.4915,0.3601,0.9881,0.8852,0.8616,0.7322,0.7275
28.968,0.4753,0.3601,1.0057,0.8852,0.8794,0.7322,0.7455
29.014,0.4753,0.3601,1.0185,0.8852,0.8922,0.7322,0.7584
29.062,0.4753,0.8852,0.9055,0.7322,0.7718,0.6440,0.6425
29.122,0.4599,0.8852,0.9223,0.7322,0.7888,0.6440,0.6596
29.169,0.4364,0.8852,0.9354,0.7322,0.8019,0.6440,0.6729
29.230,0.4364,0.8852,0.9525,0.7322,0.8192,0.6440,0.6903
29.293,0.4364,0.8852,0.9700,0.7322,0.8368,0.6440,0.7081
29.340,0.4364,0.8852,0.9831,0.7322,0.8501,0.6440,0.7215
29.388,0.4364,0.8852,0.9964,0.7322,0.8635,0.6440,0.7350
29.434,0.4364,0.8852,1.0095,0.7322,0.8767,0.6440,0.7483
29.482,0.4364,0.7322,0.8900,0.6440,0.7617,0.9167,0.6306
29.544,0.4052,0.7322,0.9075,0.6440,0.7794,0.9167,0.6485
29.590,0.3822,0.7322,0.9205,0.6440,0.7925,0.9167,0.6617
29.636,0.3822,0.7322,0.9335,0.6440,0.8056,0.9167,0.6749
29.684,0.3822,0.7322,0.9468,0.6440,0.8190,0.9167,0.6884
29.730,0.3822,0.7322,0.9599,0.6440,0.8323,0.9167,0.7018
29.794,0.3822,0.7322,0.9778,0.6440,0.8504,0.9167,0.7200
29.841,0.3822,0.7322,0.9910,0.6440,0.8636,0.9167,0.7334
29.888,0.3903,0.7322,1.0042,0.6440,0.8769,0.9167,0.7468
29.935,0.4138,0.7322,1.0174,0.6440,0.8903,0.9167,0.7603
29.982,0.4138,0.6440,0.9036,0.9167,0.7737,0.6643,0.6493
30.029,0.4138,0.6440,0.9169,0.9167,0.7872,0.6643,0.6628
30.090,0.4138,0.6440,0.9343,0.9167,0.8046,0.6643,0.6804
30.137,0.4291,0.6440,0.9476,0.9167,0.8181,0.6643,0.6940
30.185,0.4534,0.6440,0.9614,0.9167,0.8320,0.6643,0.7080
30.247,0.4534,0.6440,0.9788,0.9167,0.8496,0.6643,0.7257
30.293,0.4534,0.6440,0.9919,0.9167,0.8628,0.6643,0.7391
30.339,0.4534,0.6440,1.0051,0.9167,0.8760,0.6643,0.7524
30.385,0.4534,0.6440,1.0180,0.9167,0.8891,0.6643,0.7656
30.431,0.4534,0.9167,0.9023,0.6643,0.7789,0.0747,0.6572
30.474,0.4667,0.9167,0.9146,0.6643,0.7913,0.0747,0.6696
30.510,0.4847,0.9167,0.9248,0.6643,0.8016,0.0747,0.6801
30.570,0.5001,0.9167,0.9422,0.6643,0.8191,0.0747,0.6977
30.618,0.5001,0.9167,0.9557,0.6643,0.8328,0.0747,0.7115
30.665,0.5001,0.9167,0.9691,0.6643,0.8462,0.0747,0.7251
30.712,0.5001,0.9167,0.9826,0.6643,0.8599,0.0747,0.7388
30.759,0.5001,0.9167,0.9961,0.6643,0.8734,0.0747,0.7525
30.820,0.5001,0.9167,1.0136,0.6643,0.8910,0.0747,0.7702
30.868,0.4761,0.6643,0.9049,0.0747,0.7841,0.1726,0.6616
30.924,0.4607,0.6643,0.9211,0.0747,0.8005,0.1726,0.6781
30.975,0.4607,0.6643,0.9359,0.0747,0.8154,0.1726,0.6931
31.022,0.4607,0.6643,0.9494,0.0747,0.8291,0.1726,0.7069
31.069,0.4607,0.6643,0.9630,0.0747,0.8427,0.1726,0.7206
31.131,0.4607,0.6643,0.9807,0.0747,0.8606,0.1726,0.7386
31.178,0.4842,0.6643,0.9942,0.0747,0.8742,0.1726,0.7524
31.222,0.4923,0.6643,1.0070,0.0747,0.8871,0.1726,0.7653
31.255,0.4923,0.6643,1.0166,0.0747,0.8968,0.1726,0.7751
31.301,0.4923,0.0747,0.9101,0.1726,0.7886,0.3442,0.6649
31.363,0.4923,0.0747,0.9281,0.1726,0.8067,0.3442,0.6831
31.411,0.4923,0.0747,0.9420,0.1726,0.8207,0.3442,0.6972
31.474,0.4923,0.0747,0.9603,0.1726,0.8391,0.3442,0.7158
31.536,0.4923,0.0747,0.9785,0.1726,0.8574,0.3442,0.7342
31.583,0.4923,0.0747,0.9921,0.1726,0.8712,0.3442,0.7481
31.630,0.4923,0.0747,1.0056,0.1726,0.8848,0.3442,0.7618
31.677,0.4923,0.1726,0.8985,0.3442,0.7756,0.9643,0.6524
31.724,0.4923,0.1726,0.9123,0.3442,0.7895,0.9643,0.6664
31.770,0.4923,0.1726,0.9257,0.3442,0.8031,0.9643,0.6801
31.818,0.4923,0.1726,0.9397,0.3442,0.8172,0.9643,0.6943
31.880,0.4923,0.1726,0.9580,0.3442,0.8356,0.9643,0.7128
31.943,0.4923,0.1726,0.9764,0.3442,0.8541,0.9643,0.7315
32.005,0.4923,0.1726,0.9946,0.3442,0.8725,0.9643,0.7500
32.053,0.4923,0.1726,1.0086,0.3442,0.8866,0.9643,0.7642
32.115,0.4923,0.3442,0.9051,0.9643,0.7828,0.7691,0.6709
32.179,0.4923,0.3442,0.9238,0.9643,0.8017,0.7691,0.6900
32.241,0.4923,0.3442,0.9420,0.9643,0.8201,0.7691,0.7084
32.288,0.4923,0.3442,0.9560,0.9643,0.8341,0.7691,0.7226
32.334,0.4923,0.3442,0.9696,0.9643,0.8478,0.7691,0.7363
32.381,0.4923,0.3442,0.9833,0.9643,0.8616,0.7691,0.7503
32.428,0.4923,0.3442,0.9973,0.9643,0.8757,0.7691,0.7644
32.475,0.4771,0.3442,1.0111,0.9643,0.8896,0.7691,0.7784
32.521,0.4540,0.9643,0.9034,0.7691,0.7923,0.5937,0.6755
32.570,0.4377,0.9643,0.9178,0.7691,0.8069,0.5937,0.6902
32.617,0.4377,0.9643,0.9318,0.7691,0.8209,0.5937,0.7044
32.676,0.4237,0.9643,0.9494,0.7691,0.8386,0.5937,0.7222
32.711,0.4061,0.9643,0.9599,0.7691,0.8492,0.5937,0.7328
32.758,0.3828,0.9643,0.9737,0.7691,0.8631,0.5937,0.7469
32.804,0.3594,0.9643,0.9876,0.7691,0.8771,0.5937,0.7609
32.865,0.3290,0.9643,1.0057,0.7691,0.8953,0.5937,0.7793
32.912,0.3209,0.7691,0.9092,0.5937,0.7933,0.6556,0.6769
32.961,0.3209,0.7691,0.9238,0.5937,0.8080,0.6556,0.6917
33.023,0.3209,0.7691,0.9425,0.5937,0.8267,0.6556,0.7106
33.072,0.3048,0.7691,0.9570,0.5937,0.8414,0.6556,0.7253
33.133,0.2738,0.7691,0.9755,0.5937,0.8600,0.6556,0.7441
33.196,0.2738,0.7691,0.9942,0.5937,0.8789,0.6556,0.7631
33.257,0.2738,0.7691,1.0125,0.5937,0.8972,0.6556,0.7815
33.318,0.2738,0.5937,0.9156,0.6556,0.8001,0.5134,0.6820
33.352,0.2650,0.5937,0.9258,0.6556,0.8103,0.5134,0.6924
33.411,0.2354,0.5937,0.9437,0.6556,0.8283,0.5134,0.7104
33.474,0.2354,0.5937,0.9628,0.6556,0.8475,0.5134,0.7298
33.521,0.2354,0.5937,0.9768,0.6556,0.8616,0.5134,0.7440
33.567,0.2354,0.5937,0.9906,0.6556,0.8755,0.5134,0.7580
33.630,0.2354,0.5937,1.0096,0.6556,0.8946,0.5134,0.7772
33.676,0.2354,0.6556,0.9086,0.5134,0.7913,0.3631,0.6769
33.724,0.2354,0.6556,0.9233,0.5134,0.8061,0.3631,0.6917
33.771,0.2354,0.6556,0.9373,0.5134,0.8202,0.3631,0.7060
33.818,0.2354,0.6556,0.9516,0.5134,0.8345,0.3631,0.7204
33.879,0.2354,0.6556,0.9701,0.5134,0.8532,0.3631,0.7392
33.941,0.2354,0.6556,0.9889,0.5134,0.8721,0.3631,0.7582
34.003,0.2354,0.6556,1.0077,0.5134,0.8911,0.3631,0.7773
34.065,0.2354,0.5134,0.9101,0.3631,0.7964,0.1650,0.6858
34.112,0.2354,0.5134,0.9244,0.3631,0.8109,0.1650,0.7003
34.158,0.2354,0.5134,0.9384,0.3631,0.8249,0.1650,0.7144
34.220,0.2354,0.5134,0.9574,0.3631,0.8440,0.1650,0.7337
34.282,0.2354,0.5134,0.9763,0.3631,0.8630,0.1650,0.7528
34.328,0.2354,0.5134,0.9903,0.3631,0.8771,0.1650,0.7670
34.374,0.2354,0.5134,1.0043,0.3631,0.8912,0.1650,0.7812
34.421,0.2354,0.5134,1.0186,0.3631,0.9056,0.1650,0.7956
34.482,0.2354,0.3631,0.9244,0.1650,0.8146,0.7013,0.7069
34.529,0.2354,0.3631,0.9390,0.1650,0.8292,0.7013,0.7216
34.591,0.2354,0.3631,0.9580,0.1650,0.8483,0.7013,0.7409
34.639,0.2354,0.3631,0.9726,0.1650,0.8631,0.7013,0.7557
34.685,0.2435,0.3631,0.9870,0.1650,0.8775,0.7013,0.7702
34.746,0.2739,0.3631,1.0056,0.1650,0.8962,0.7013,0.7890
34.793,0.2739,0.1650,0.9106,0.7013,0.8035,0.4200,0.6916
34.839,0.2739,0.1650,0.9250,0.7013,0.8180,0.4200,0.7061
34.900,0.2739,0.1650,0.9438,0.7013,0.8368,0.4200,0.7251
34.947,0.2739,0.1650,0.9584,0.7013,0.8516,0.4200,0.7399
35.009,0.2739,0.1650,0.9774,0.7013,0.8707,0.4200,0.7591
35.056,0.2739,0.1650,0.9919,0.7013,0.8853,0.4200,0.7738
35.117,0.2739,0.1650,1.0108,0.7013,0.9042,0.4200,0.7929
35.178,0.2739,0.7013,0.9232,0.4200,0.8120,0.3559,0.7083
35.225,0.2585,0.7013,0.9379,0.4200,0.8267,0.3559,0.7231
35.273,0.2347,0.7013,0.9527,0.4200,0.8416,0.3559,0.7381
35.320,0.2109,0.7013,0.9675,0.4200,0.8565,0.3559,0.7531
35.368,0.1871,0.7013,0.9823,0.4200,0.8714,0.3559,0.7680
35.413,0.1871,0.7013,0.9964,0.4200,0.8856,0.3559,0.7823
35.476,0.1871,0.7013,1.0159,0.4200,0.9052,0.3559,0.8020
35.523,0.1871,0.4200,0.9199,0.3559,0.8168,0.8152,0.7168
35.585,0.1871,0.4200,0.9395,0.3559,0.8365,0.8152,0.7367
35.632,0.1871,0.4200,0.9540,0.3559,0.8510,0.8152,0.7513
35.679,0.1871,0.4200,0.9686,0.3559,0.8658,0.8152,0.7661
35.740,0.1871,0.4200,0.9878,0.3559,0.8851,0.8152,0.7855
35.803,0.1871,0.4200,1.0074,0.3559,0.9048,0.8152,0.8053
35.851,0.1871,0.3559,0.9200,0.8152,0.8206,0.5208,0.7167
35.898,0.1871,0.3559,0.9349,0.8152,0.8356,0.5208,0.7317
35.944,0.1871,0.3559,0.9493,0.8152,0.8501,0.5208,0.7463
35.991,0.2103,0.3559,0.9639,0.8152,0.8648,0.5208,0.7611
36.054,0.2418,0.3559,0.9837,0.8152,0.8847,0.5208,0.7811
36.100,0.2568,0.3559,0.9983,0.8152,0.8994,0.5208,0.7959
36.161,0.2568,0.3559,1.0174,0.8152,0.9186,0.5208,0.8152
36.207,0.2568,0.8152,0.9333,0.5208,0.8300,0.9424,0.7253
36.255,0.2568,0.8152,0.9483,0.5208,0.8451,0.9424,0.7405
36.301,0.2568,0.8152,0.9629,0.5208,0.8598,0.9424,0.7553
36.348,0.2568,0.8152,0.9777,0.5208,0.8746,0.9424,0.7702
36.395,0.2568,0.8152,0.9927,0.5208,0.8898,0.9424,0.7854
36.458,0.2568,0.8152,1.0125,0.5208,0.9096,0.9424,0.8054
36.520,0.2568,0.5208,0.9294,0.9424,0.8253,0.0866,0.7202
36.568,0.2568,0.5208,0.9445,0.9424,0.8405,0.0866,0.7355
36.614,0.2568,0.5208,0.9592,0.9424,0.8553,0.0866,0.7503
36.660,0.2568,0.5208,0.9739,0.9424,0.8701,0.0866,0.7652
36.706,0.2568,0.5208,0.9886,0.9424,0.8848,0.0866,0.7800
36.754,0.2568,0.5208,1.0036,0.9424,0.8999,0.0866,0.7951
36.800,0.2568,0.5208,1.0185,0.9424,0.9148,0.0866,0.8102
36.863,0.2568,0.9424,0.9348,0.0866,0.8303,0.0376,0.7346
36.910,0.2568,0.9424,0.9499,0.0866,0.8454,0.0376,0.7498
36.972,0.2568,0.9424,0.9696,0.0866,0.8652,0.0376,0.7697
37.020,0.2568,0.9424,0.9851,0.0866,0.8808,0.0376,0.7854
37.068,0.2568,0.9424,1.0003,0.0866,0.8960,0.0376,0.8007
37.115,0.2568,0.9424,1.0153,0.0866,0.9112,0.0376,0.8159
37.164,0.2568,0.0866,0.9269,0.0376,0.8317,0.5971,0.7352
37.225,0.2568,0.0866,0.9465,0.0376,0.8514,0.5971,0.7551
37.272,0.2568,0.0866,0.9617,0.0376,0.8666,0.5971,0.7703
37.319,0.2568,0.0866,0.9767,0.0376,0.8817,0.5971,0.7855
37.380,0.2568,0.0866,0.9964,0.0376,0.9015,0.5971,0.8055
37.427,0.2417,0.0866,1.0114,0.0376,0.9166,0.5971,0.8205
37.474,0.2182,0.0376,0.9317,0.5971,0.8358,0.4376,0.7393
37.521,0.1947,0.0376,0.9469,0.5971,0.8510,0.4376,0.7546
37.566,0.1720,0.0376,0.9615,0.5971,0.8657,0.4376,0.7695
37.614,0.1481,0.0376,0.9770,0.5971,0.8812,0.4376,0.7850
37.661,0.1481,0.0376,0.9922,0.5971,0.8966,0.4376,0.8004
37.708,0.1481,0.0376,1.0072,0.5971,0.9116,0.4376,0.8155
37.755,0.1481,0.5971,0.9270,0.4376,0.8310,0.1852,0.7373
37.801,0.1400,0.5971,0.9420,0.4376,0.8461,0.1852,0.7524
37.847,0.1171,0.5971,0.9569,0.4376,0.8610,0.1852,0.7674
37.908,0.0865,0.5971,0.9767,0.4376,0.8809,0.1852,0.7874
37.971,0.0552,0.5971,0.9970,0.4376,0.9013,0.1852,0.8080
38.018,0.0500,0.5971,1.0122,0.4376,0.9166,0.1852,0.8233
38.064,0.0500,0.4376,0.9317,0.1852,0.8385,0.3508,0.7402
38.111,0.0500,0.4376,0.9470,0.1852,0.8538,0.3508,0.7556
38.158,0.0500,0.4376,0.9623,0.1852,0.8692,0.3508,0.7710
38.205,0.0500,0.4376,0.9778,0.1852,0.8847,0.3508,0.7866
38.252,0.0500,0.4376,0.9931,0.1852,0.9002,0.3508,0.8022
38.300,0.0500,0.4376,1.0086,0.1852,0.9157,0.3508,0.8178
38.347,0.0500,0.1852,0.9311,0.3508,0.8332,0.5507,0.7486
38.409,0.0500,0.1852,0.9515,0.3508,0.8537,0.5507,0.7692
38.456,0.0500,0.1852,0.9668,0.3508,0.8690,0.5507,0.7846
38.503,0.0500,0.1852,0.9821,0.3508,0.8844,0.5507,0.8001
38.550,0.0500,0.1852,0.9976,0.3508,0.9000,0.5507,0.8158
38.596,0.0500,0.1852,1.0127,0.3508,0.9152,0.5507,0.8310
38.643,0.0500,0.3508,0.9306,0.5507,0.8465,0.5048,0.7579
38.690,0.0500,0.3508,0.9459,0.5507,0.8618,0.5048,0.7734
38.736,0.0731,0.3508,0.9611,0.5507,0.8771,0.5048,0.7887
38.782,0.0963,0.3508,0.9763,0.5507,0.8924,0.5048,0.8041
38.844,0.1272,0.3508,0.9967,0.5507,0.9129,0.5048,0.8246
38.906,0.1582,0.3508,1.0170,0.5507,0.9333,0.5048,0.8451
38.952,0.1813,0.5507,0.9486,0.5048,0.8605,0.5573,0.7655
39.014,0.1966,0.5507,0.9691,0.5048,0.8811,0.5573,0.7861
39.061,0.1966,0.5507,0.9847,0.5048,0.8967,0.5573,0.8018
39.109,0.1966,0.5507,1.0004,0.5048,0.9125,0.5573,0.8177
39.172,0.1966,0.5048,0.9333,0.5573,0.8386,0.9641,0.7535
39.220,0.1966,0.5048,0.9494,0.5573,0.8547,0.9641,0.7697
39.268,0.1966,0.5048,0.9652,0.5573,0.8706,0.9641,0.7857
39.315,0.1966,0.5048,0.9807,0.5573,0.8862,0.9641,0.8013
39.361,0.2198,0.5048,0.9961,0.5573,0.9016,0.9641,0.8168
39.408,0.2431,0.5048,1.0116,0.5573,0.9172,0.9641,0.8324
39.455,0.2512,0.5573,0.9327,0.9641,0.8480,0.7525,0.7560
39.516,0.2512,0.5573,0.9532,0.9641,0.8686,0.7525,0.7766
39.579,0.2512,0.5573,0.9741,0.9641,0.8896,0.7525,0.7977
39.626,0.2512,0.5573,0.9898,0.9641,0.9053,0.7525,0.8135
39.687,0.2512,0.5573,1.0101,0.9641,0.9258,0.7525,0.8340
39.734,0.2512,0.9641,0.9416,0.7525,0.8499,0.0872,0.7693
39.781,0.2512,0.9641,0.9573,0.7525,0.8657,0.0872,0.7852
39.842,0.2512,0.9641,0.9778,0.7525,0.8862,0.0872,0.8058
39.889,0.2512,0.9641,0.9934,0.7525,0.9020,0.0872,0.8216
39.935,0.2512,0.9641,1.0088,0.7525,0.9174,0.0872,0.8371
39.982,0.2512,0.7525,0.9330,0.0872,0.8528,0.4871,0.7665
40.044,0.2512,0.7525,0.9538,0.0872,0.8737,0.4871,0.7875
40.090,0.2512,0.7525,0.9694,0.0872,0.8893,0.4871,0.8032
40.151,0.2512,0.7525,0.9900,0.0872,0.9100,0.4871,0.8239
40.215,0.2512,0.7525,1.0112,0.0872,0.9313,0.4871,0.8453
40.261,0.2512,0.0872,0.9470,0.4871,0.8611,0.7253,0.7804
40.310,0.2512,0.0872,0.9635,0.4871,0.8776,0.7253,0.7970
40.357,0.2746,0.0872,0.9792,0.4871,0.8934,0.7253,0.8129
40.412,0.2901,0.0872,0.9978,0.4871,0.9120,0.7253,0.8316
40.465,0.2901,0.0872,1.0158,0.4871,0.9301,0.7253,0.8497
40.512,0.2901,0.4871,0.9458,0.7253,0.8655,0.6654,0.7838
40.562,0.2998,0.4871,0.9629,0.7253,0.8826,0.6654,0.8009
40.605,0.3211,0.4871,0.9773,0.7253,0.8970,0.6654,0.8155
40.653,0.3452,0.4871,0.9936,0.7253,0.9134,0.6654,0.8319
40.699,0.3685,0.4871,1.0093,0.7253,0.9292,0.6654,0.8478
40.760,0.3988,0.7253,0.9498,0.6654,0.8685,0.1347,0.7856
40.823,0.4302,0.7253,0.9712,0.6654,0.8899,0.1347,0.8071
40.885,0.4612,0.7253,0.9922,0.6654,0.9110,0.1347,0.8282
40.947,0.4921,0.7253,1.0131,0.6654,0.9320,0.1347,0.8494
40.994,0.5160,0.6654,0.9484,0.1347,0.8658,0.1827,0.7885
41.040,0.5160,0.6654,0.9640,0.1347,0.8815,0.1827,0.8042
41.103,0.5160,0.6654,0.9855,0.1347,0.9030,0.1827,0.8259
41.150,0.5160,0.6654,1.0016,0.1347,0.9191,0.1827,0.8421
41.197,0.5311,0.6654,1.0173,0.1347,0.9350,0.1827,0.8579
41.243,0.5542,0.1347,0.9508,0.1827,0.8738,0.2161,0.7972
41.305,0.5853,0.1347,0.9721,0.1827,0.8952,0.2161,0.8186
41.368,0.6166,0.1347,0.9934,0.1827,0.9166,0.2161,0.8401
41.414,0.6397,0.1347,1.0093,0.1827,0.9325,0.2161,0.8560
41.460,0.6626,0.1827,0.9482,0.2161,0.8718,0.3540,0.7939
41.507,0.6862,0.1827,0.9644,0.2161,0.8881,0.3540,0.8101
41.554,0.6862,0.1827,0.9805,0.2161,0.9042,0.3540,0.8264
41.616,0.6862,0.1827,1.0017,0.2161,0.9255,0.3540,0.8477
41.662,0.6862,0.1827,1.0178,0.2161,0.9417,0.3540,0.8639
41.724,0.6862,0.2161,0.9630,0.3540,0.8854,0.4296,0.8103
41.772,0.6862,0.2161,0.9794,0.3540,0.9018,0.4296,0.8268
41.820,0.6862,0.2161,0.9959,0.3540,0.9183,0.4296,0.8434
41.880,0.6862,0.2161,1.0167,0.3540,0.9392,0.4296,0.8643
41.927,0.6862,0.3540,0.9552,0.4296,0.8804,0.0281,0.8086
41.989,0.6862,0.3540,0.9768,0.4296,0.9021,0.0281,0.8304
42.052,0.6862,0.3540,0.9985,0.4296,0.9238,0.0281,0.8522
42.098,0.6862,0.3540,1.0146,0.4296,0.9400,0.0281,0.8684
42.146,0.6862,0.4296,0.9564,0.0281,0.8849,0.1240,0.8066
42.193,0.6862,0.4296,0.9726,0.0281,0.9012,0.1240,0.8229
42.252,0.7009,0.4296,0.9932,0.0281,0.9218,0.1240,0.8436
42.287,0.7182,0.4296,1.0052,0.0281,0.9339,0.1240,0.8558
42.351,0.7502,0.0281,0.9562,0.1240,0.8781,0.9028,0.8105
42.397,0.7502,0.0281,0.9725,0.1240,0.8944,0.9028,0.8269
42.444,0.7502,0.0281,0.9887,0.1240,0.9108,0.9028,0.8433
42.507,0.7502,0.0281,1.0105,0.1240,0.9326,0.9028,0.8652
42.553,0.7502,0.1240,0.9487,0.9028,0.8813,0.5717,0.8129
42.614,0.7502,0.1240,0.9700,0.9028,0.9026,0.5717,0.8343
42.661,0.7502,0.1240,0.9865,0.9028,0.9192,0.5717,0.8509
42.707,0.7502,0.1240,1.0025,0.9028,0.9353,0.5717,0.8670
42.760,0.7400,0.9028,0.9538,0.5717,0.8855,0.5441,0.8081
42.816,0.7122,0.9028,0.9733,0.5717,0.9051,0.5441,0.8278
42.862,0.7122,0.9028,0.9897,0.5717,0.9216,0.5441,0.8443
42.910,0.7122,0.9028,1.0064,0.5717,0.9384,0.5441,0.8611
42.971,0.7122,0.5717,0.9598,0.5441,0.8826,0.3008,0.8171
43.020,0.7122,0.5717,0.9770,0.5441,0.8999,0.3008,0.8344
43.067,0.7122,0.5717,0.9932,0.5441,0.9162,0.3008,0.8508
43.114,0.7122,0.5717,1.0099,0.5441,0.9328,0.3008,0.8675
43.162,0.7122,0.5441,0.9497,0.3008,0.8844,0.9042,0.8098
43.223,0.7122,0.5441,0.9712,0.3008,0.9059,0.9042,0.8314
43.284,0.7122,0.5441,0.9926,0.3008,0.9274,0.9042,0.8530
43.330,0.7122,0.5441,1.0090,0.3008,0.9439,0.9042,0.8695
43.376,0.7122,0.3008,0.9600,0.9042,0.8857,0.0755,0.8112
43.438,0.7122,0.3008,0.9820,0.9042,0.9077,0.0755,0.8333
43.484,0.7122,0.3008,0.9982,0.9042,0.9240,0.0755,0.8496
43.530,0.7122,0.3008,1.0146,0.9042,0.9405,0.0755,0.8661
43.577,0.7122,0.9042,0.9569,0.0755,0.8826,0.9581,0.8072
43.624,0.7122,0.9042,0.9737,0.0755,0.8994,0.9581,0.8241
43.671,0.7122,0.9042,0.9904,0.0755,0.9162,0.9581,0.8409
43.717,0.7041,0.9042,1.0067,0.0755,0.9326,0.9581,0.8573
43.764,0.6807,0.0755,0.9492,0.9581,0.8740,0.2906,0.8048
43.810,0.6577,0.0755,0.9655,0.9581,0.8903,0.2906,0.8212
43.872,0.6266,0.0755,0.9877,0.9581,0.9125,0.2906,0.8435
43.920,0.6266,0.0755,1.0045,0.9581,0.9294,0.2906,0.8604
43.966,0.6266,0.9581,0.9460,0.2906,0.8771,0.3504,0.8072
44.014,0.6266,0.9581,0.9631,0.2906,0.8942,0.3504,0.8243
44.061,0.6184,0.9581,0.9799,0.2906,0.9110,0.3504,0.8412
44.108,0.5951,0.9581,0.9965,0.2906,0.9277,0.3504,0.8579
44.155,0.5716,0.9581,1.0132,0.2906,0.9445,0.3504,0.8748
44.201,0.5635,0.2906,0.9608,0.3504,0.8911,0.1725,0.8154
44.263,0.5404,0.2906,0.9832,0.3504,0.9136,0.1725,0.8379
44.312,0.5161,0.2906,1.0005,0.3504,0.9310,0.1725,0.8553
44.360,0.5080,0.2906,1.0178,0.3504,0.9483,0.1725,0.8728
44.406,0.5080,0.3504,0.9649,0.1725,0.8894,0.6328,0.8243
44.454,0.5080,0.3504,0.9821,0.1725,0.9066,0.6328,0.8415
44.501,0.5080,0.3504,0.9987,0.1725,0.9233,0.6328,0.8583
44.538,0.4975,0.3504,1.0121,0.1725,0.9367,0.6328,0.8717
44.593,0.4701,0.1725,0.9564,0.6328,0.8915,0.3028,0.8151
44.639,0.4701,0.1725,0.9730,0.6328,0.9081,0.3028,0.8317
44.685,0.4701,0.1725,0.9895,0.6328,0.9246,0.3028,0.8483
44.746,0.4701,0.1725,1.0113,0.6328,0.9465,0.3028,0.8702
44.793,0.4701,0.6328,0.9635,0.3028,0.8873,0.1637,0.8210
44.855,0.4701,0.6328,0.9860,0.3028,0.9098,0.1637,0.8436
44.902,0.4701,0.6328,1.0030,0.3028,0.9268,0.1637,0.8607
44.950,0.4701,0.3028,0.9442,0.1637,0.8781,0.8071,0.8076
45.012,0.4701,0.3028,0.9665,0.1637,0.9005,0.8071,0.8300
45.059,0.4701,0.3028,0.9835,0.1637,0.9175,0.8071,0.8471
45.106,0.4701,0.3028,1.0004,0.1637,0.9345,0.8071,0.8641
45.168,0.4701,0.1637,0.9570,0.8071,0.8867,0.6865,0.8102
45.215,0.4701,0.1637,0.9742,0.8071,0.9040,0.6865,0.8275
45.262,0.4701,0.1637,0.9912,0.8071,0.9210,0.6865,0.8446
45.309,0.4701,0.1637,1.0081,0.8071,0.9379,0.6865,0.8616
45.356,0.4701,0.8071,0.9551,0.6865,0.8788,0.0797,0.8069
45.402,0.4701,0.8071,0.9719,0.6865,0.8956,0.0797,0.8238
45.450,0.4701,0.8071,0.9890,0.6865,0.9129,0.0797,0.8410
45.496,0.4701,0.8071,1.0058,0.6865,0.9297,0.0797,0.8579
45.544,0.4701,0.6865,0.9474,0.0797,0.8757,0.3590,0.8042
45.590,0.4928,0.6865,0.9640,0.0797,0.8924,0.3590,0.8209
45.637,0.5163,0.6865,0.9811,0.0797,0.9095,0.3590,0.8381
45.698,0.5469,0.6865,1.0034,0.0797,0.9318,0.3590,0.8605
45.761,0.5784,0.0797,0.9549,0.3590,0.8837,0.4509,0.8073
45.824,0.6098,0.0797,0.9778,0.3590,0.9066,0.4509,0.8304
45.885,0.6404,0.0797,1.0002,0.3590,0.9291,0.4509,0.8529
45.946,0.6708,0.3590,0.9514,0.4509,0.8753,0.3090,0.8030
45.993,0.6945,0.3590,0.9687,0.4509,0.8926,0.3090,0.8204
46.056,0.7026,0.3590,0.9916,0.4509,0.9156,0.3090,0.8434
46.118,0.7026,0.3590,1.0145,0.4509,0.9386,0.3090,0.8665
46.164,0.7026,0.4509,0.9555,0.3090,0.8835,0.5171,0.8053
46.211,0.7026,0.4509,0.9728,0.3090,0.9008,0.5171,0.8226
46.258,0.7026,0.4509,0.9900,0.3090,0.9180,0.5171,0.8399
46.319,0.7026,0.4509,1.0123,0.3090,0.9404,0.5171,0.8624
46.382,0.7026,0.3090,0.9636,0.5171,0.8857,0.3337,0.8070
46.430,0.7026,0.3090,0.9816,0.5171,0.9037,0.3337,0.8250
46.492,0.7026,0.3090,1.0044,0.5171,0.9265,0.3337,0.8479
46.539,0.7026,0.5171,0.9438,0.3337,0.8653,0.5621,0.7916
46.586,0.7026,0.5171,0.9612,0.3337,0.8827,0.5621,0.8090
46.632,0.7026,0.5171,0.9784,0.3337,0.9000,0.5621,0.8263
46.678,0.7026,0.5171,0.9954,0.3337,0.9170,0.5621,0.8435
46.725,0.7026,0.5171,1.0128,0.3337,0.9345,0.5621,0.8609
46.772,0.7026,0.3337,0.9517,0.5621,0.8782,0.1994,0.8053
46.819,0.7026,0.3337,0.9691,0.5621,0.8957,0.1994,0.8228
46.881,0.7026,0.3337,0.9923,0.5621,0.9189,0.1994,0.8461
46.928,0.7026,0.3337,1.0096,0.5621,0.9363,0.1994,0.8636
46.975,0.7026,0.5621,0.9537,0.1994,0.8810,0.1159,0.7974
47.021,0.6796,0.5621,0.9708,0.1994,0.8982,0.1159,0.8146
47.082,0.6491,0.5621,0.9936,0.1994,0.9210,0.1159,0.8375
47.144,0.6179,0.5621,1.0168,0.1994,0.9442,0.1159,0.8608
47.190,0.5948,0.1994,0.9614,0.1159,0.8781,0.8945,0.8101
47.252,0.5642,0.1994,0.9842,0.1159,0.9010,0.8945,0.8330
47.300,0.5399,0.1994,1.0024,0.1159,0.9192,0.8945,0.8513
47.362,0.5091,0.1159,0.9422,0.8945,0.8744,0.7514,0.8002
47.409,0.4857,0.1159,0.9597,0.8945,0.8919,0.7514,0.8178
47.457,0.4614,0.1159,0.9779,0.8945,0.9102,0.7514,0.8361
47.519,0.4305,0.1159,1.0010,0.8945,0.9333,0.7514,0.8593
47.567,0.4063,0.8945,0.9515,0.7514,0.8775,0.5954,0.7979
47.627,0.3765,0.8945,0.9739,0.7514,0.8999,0.5954,0.8203
47.690,0.3765,0.8945,0.9974,0.7514,0.9235,0.5954,0.8440
47.736,0.3765,0.8945,1.0146,0.7514,0.9408,0.5954,0.8614
47.784,0.3765,0.7514,0.9589,0.5954,0.8795,0.5361,0.7994
47.846,0.3765,0.7514,0.9823,0.5954,0.9030,0.5361,0.8229
47.908,0.3765,0.7514,1.0057,0.5954,0.9264,0.5361,0.8464
47.955,0.3765,0.5954,0.9441,0.5361,0.8642,0.8082,0.7897
48.003,0.3765,0.5954,0.9620,0.5361,0.8822,0.8082,0.8077
48.050,0.3765,0.5954,0.9798,0.5361,0.8999,0.8082,0.8255
48.096,0.3765,0.5954,0.9973,0.5361,0.9175,0.8082,0.8431
48.143,0.3765,0.5954,1.0149,0.5361,0.9351,0.8082,0.8608
48.205,0.3765,0.5361,0.9588,0.8082,0.8845,0.9099,0.8101
48.268,0.3765,0.5361,0.9823,0.8082,0.9082,0.9099,0.8338
48.315,0.3765,0.5361,1.0002,0.8082,0.9261,0.9099,0.8517
48.362,0.3765,0.5361,1.0182,0.8082,0.9441,0.9099,0.8698
48.408,0.3765,0.8082,0.9615,0.9099,0.8873,0.8815,0.8074
48.456,0.3765,0.8082,0.9795,0.9099,0.9053,0.8815,0.8255
48.502,0.3765,0.8082,0.9970,0.9099,0.9228,0.8815,0.8430
48.563,0.3765,0.9099,0.9462,0.8815,0.8664,0.9063,0.7967
48.609,0.3765,0.9099,0.9637,0.8815,0.8841,0.9063,0.8144
48.671,0.3765,0.9099,0.9873,0.8815,0.9077,0.9063,0.8381
48.718,0.3765,0.9099,1.0051,0.8815,0.9255,0.9063,0.8559
48.765,0.3765,0.8815,0.9435,0.9063,0.8740,0.5564,0.7989
48.829,0.3765,0.8815,0.9677,0.9063,0.8983,0.5564,0.8232
48.891,0.3765,0.8815,0.9915,0.9063,0.9221,0.5564,0.8471
48.939,0.3765,0.8815,1.0096,0.9063,0.9402,0.5564,0.8653
49.001,0.3765,0.9063,0.9641,0.5564,0.8892,0.7637,0.8080
49.064,0.3765,0.9063,0.9882,0.5564,0.9134,0.7637,0.8323
49.111,0.3765,0.9063,1.0062,0.5564,0.9314,0.7637,0.8503
49.172,0.3765,0.5564,0.9547,0.7637,0.8737,0.1211,0.7986
49.234,0.3765,0.5564,0.9785,0.7637,0.8976,0.1211,0.8226
49.281,0.3765,0.5564,0.9966,0.7637,0.9157,0.1211,0.8408
49.328,0.3765,0.5564,1.0146,0.7637,0.9338,0.1211,0.8589
49.375,0.3765,0.7637,0.9516,0.1211,0.8768,0.6495,0.7953
49.436,0.3765,0.7637,0.9754,0.1211,0.9006,0.6495,0.8192
49.500,0.3531,0.7637,0.9997,0.1211,0.9250,0.6495,0.8436
49.562,0.3531,0.1211,0.9491,0.6495,0.8678,0.1041,0.7906
49.609,0.3531,0.1211,0.9673,0.6495,0.8861,0.1041,0.8089
49.656,0.3531,0.1211,0.9851,0.6495,0.9039,0.1041,0.8268
49.703,0.3531,0.1211,1.0032,0.6495,0.9220,0.1041,0.8449
49.765,0.3531,0.6495,0.9461,0.1041,0.8690,0.2432,0.7990
49.812,0.3531,0.6495,0.9643,0.1041,0.8873,0.2432,0.8172
49.860,0.3531,0.6495,0.9831,0.1041,0.9061,0.2432,0.8361
49.906,0.3531,0.6495,1.0008,0.1041,0.9239,0.2432,0.8540
49.953,0.3531,0.1041,0.9420,0.2432,0.8721,0.4745,0.7899
50.000,0.3531,0.1041,0.9601,0.2432,0.8903,0.4745,0.8082
50.061,0.3531,0.1041,0.9838,0.2432,0.9140,0.4745,0.8320
50.108,0.3531,0.1041,1.0021,0.2432,0.9324,0.4745,0.8504
50.155,0.3531,0.2432,0.9506,0.4745,0.8687,0.6759,0.7854
50.216,0.3531,0.2432,0.9742,0.4745,0.8924,0.6759,0.8092
50.279,0.3531,0.2432,0.9988,0.4745,0.9170,0.6759,0.8339
50.341,0.3531,0.4745,0.9410,0.6759,0.8580,0.8983,0.7809
50.404,0.3531,0.4745,0.9654,0.6759,0.8825,0.8983,0.8055
50.448,0.3671,0.4745,0.9827,0.6759,0.8997,0.8983,0.8228
50.497,0.3916,0.4745,1.0018,0.6759,0.9189,0.8983,0.8420
50.544,0.4153,0.6759,0.9373,0.8983,0.8605,0.0835,0.7832
50.591,0.4387,0.6759,0.9556,0.8983,0.8788,0.0835,0.8016
50.639,0.4628,0.6759,0.9744,0.8983,0.8977,0.0835,0.8205
50.686,0.4628,0.6759,0.9927,0.8983,0.9160,0.0835,0.8388
50.734,0.4628,0.6759,1.0114,0.8983,0.9348,0.0835,0.8576
50.781,0.4628,0.8983,0.9531,0.0835,0.8760,0.0355,0.7932
50.827,0.4628,0.8983,0.9714,0.0835,0.8943,0.0355,0.8116
50.889,0.4628,0.8983,0.9956,0.0835,0.9186,0.0355,0.8359
50.936,0.4628,0.8983,1.0141,0.0835,0.9372,0.0355,0.8545
50.984,0.4783,0.0835,0.9559,0.0355,0.8733,0.1143,0.7949
51.030,0.5015,0.0835,0.9741,0.0355,0.8916,0.1143,0.8132
51.078,0.5015,0.0835,0.9927,0.0355,0.9102,0.1143,0.8319
51.141,0.5015,0.0835,1.0174,0.0355,0.9349,0.1143,0.8567
51.187,0.5015,0.0355,0.9531,0.1143,0.8750,0.3735,0.8026
51.234,0.5015,0.0355,0.9717,0.1143,0.8936,0.3735,0.8213
51.295,0.5015,0.0355,0.9957,0.1143,0.9176,0.3735,0.8454
51.342,0.5015,0.0355,1.0141,0.1143,0.9361,0.3735,0.8639
51.389,0.5015,0.1143,0.9547,0.3735,0.8825,0.6754,0.7987
51.435,0.5015,0.1143,0.9730,0.3735,0.9009,0.6754,0.8172
51.482,0.5015,0.1143,0.9916,0.3735,0.9195,0.6754,0.8358
51.530,0.5015,0.1143,1.0103,0.3735,0.9383,0.6754,0.8546
51.579,0.5015,0.3735,0.9577,0.6754,0.8740,0.0268,0.7954
51.640,0.5015,0.3735,0.9820,0.6754,0.8984,0.0268,0.8199
51.687,0.5015,0.3735,1.0005,0.6754,0.9169,0.0268,0.8385
51.733,0.5015,0.6754,0.9354,0.0268,0.8570,0.9154,0.7787
51.779,0.5015,0.6754,0.9537,0.0268,0.8753,0.9154,0.7971
51.841,0.5015,0.6754,0.9780,0.0268,0.8997,0.9154,0.8216
51.887,0.5015,0.6754,0.9963,0.0268,0.9181,0.9154,0.8400
51.934,0.5015,0.6754,1.0151,0.0268,0.9369,0.9154,0.8589
51.981,0.5015,0.0268,0.9554,0.9154,0.8774,0.7249,0.7921
52.042,0.5015,0.0268,0.9798,0.9154,0.9019,0.7249,0.8167
52.088,0.5015,0.0268,0.9980,0.9154,0.9201,0.7249,0.8350
52.135,0.5015,0.0268,1.0166,0.9154,0.9388,0.7249,0.8537
52.181,0.5015,0.9154,0.9574,0.7249,0.8724,0.3323,0.7936
52.228,0.5015,0.9154,0.9762,0.7249,0.8912,0.3323,0.8125
52.274,0.5244,0.9154,0.9945,0.7249,0.9095,0.3323,0.8309
52.321,0.5480,0.9154,1.0132,0.7249,0.9284,0.3323,0.8497
52.368,0.5712,0.7249,0.9469,0.3323,0.8683,0.5404,0.7834
52.414,0.5944,0.7249,0.9655,0.3323,0.8870,0.5404,0.8020
52.461,0.6179,0.7249,0.9843,0.3323,0.9058,0.5404,0.8209
52.509,0.6416,0.7249,1.0033,0.3323,0.9249,0.5404,0.8400
52.556,0.6651,0.3323,0.9437,0.5404,0.8589,0.1599,0.7731
52.603,0.6889,0.3323,0.9627,0.5404,0.8780,0.1599,0.7922
52.650,0.7121,0.3323,0.9814,0.5404,0.8967,0.1599,0.8110
52.696,0.7355,0.3323,1.0001,0.5404,0.9155,0.1599,0.8298
52.743,0.7590,0.5404,0.9344,0.1599,0.8488,0.2657,0.7743
52.803,0.7890,0.5404,0.9585,0.1599,0.8730,0.2657,0.7986
52.866,0.8056,0.5404,0.9837,0.1599,0.8982,0.2657,0.8239
52.913,0.8056,0.5404,1.0026,0.1599,0.9172,0.2657,0.8429
52.974,0.8056,0.1599,0.9416,0.2657,0.8674,0.1024,0.7872
53.021,0.8056,0.1599,0.9606,0.2657,0.8864,0.1024,0.8063
53.068,0.8056,0.1599,0.9796,0.2657,0.9055,0.1024,0.8253
53.114,0.8056,0.1599,0.9981,0.2657,0.9241,0.1024,0.8440
53.160,0.8056,0.1599,1.0168,0.2657,0.9428,0.1024,0.8628
53.207,0.8056,0.2657,0.9615,0.1024,0.8816,0.4309,0.7951
53.269,0.8056,0.2657,0.9866,0.1024,0.9067,0.4309,0.8203
53.330,0.8056,0.2657,1.0113,0.1024,0.9315,0.4309,0.8451
53.377,0.8056,0.1024,0.9504,0.4309,0.8641,0.6708,0.7840
53.439,0.8056,0.1024,0.9757,0.4309,0.8895,0.6708,0.8095
53.486,0.8056,0.1024,0.9948,0.4309,0.9086,0.6708,0.8286
53.549,0.8056,0.4309,0.9339,0.6708,0.8540,0.5543,0.7726
53.595,0.8056,0.4309,0.9528,0.6708,0.8729,0.5543,0.7915
53.659,0.8056,0.4309,0.9787,0.6708,0.8989,0.5543,0.8176
53.722,0.8056,0.4309,1.0045,0.6708,0.9247,0.5543,0.8435
53.769,0.8056,0.6708,0.9437,0.5543,0.8626,0.0424,0.7830
53.814,0.8056,0.6708,0.9623,0.5543,0.8812,0.0424,0.8016
53.876,0.8056,0.6708,0.9873,0.5543,0.9062,0.0424,0.8267
53.938,0.8056,0.6708,1.0126,0.5543,0.9316,0.0424,0.8521
53.985,0.8056,0.5543,0.9509,0.0424,0.8715,0.6257,0.7911
54.046,0.8056,0.5543,0.9757,0.0424,0.8964,0.6257,0.8160
54.094,0.8056,0.5543,0.9954,0.0424,0.9161,0.6257,0.8358
54.141,0.8056,0.5543,1.0145,0.0424,0.9353,0.6257,0.8550
54.203,0.8056,0.0424,0.9608,0.6257,0.8805,0.1315,0.7936
54.253,0.8056,0.0424,0.9809,0.6257,0.9007,0.1315,0.8138
54.299,0.8056,0.0424,1.0000,0.6257,0.9199,0.1315,0.8330
54.345,0.8056,0.6257,0.9387,0.1315,0.8519,0.7704,0.7708
54.394,0.8056,0.6257,0.9587,0.1315,0.8719,0.7704,0.7909
54.441,0.7975,0.6257,0.9780,0.1315,0.8912,0.7704,0.8102
54.487,0.7744,0.6257,0.9969,0.1315,0.9103,0.7704,0.8293
54.548,0.7441,0.1315,0.9352,0.7704,0.8543,0.3140,0.7659
54.609,0.7133,0.1315,0.9605,0.7704,0.8797,0.3140,0.7914
54.658,0.6888,0.1315,0.9806,0.7704,0.8998,0.3140,0.8116
54.705,0.6652,0.1315,1.0001,0.7704,0.9193,0.3140,0.8311
54.768,0.6340,0.7704,0.9450,0.3140,0.8569,0.1985,0.7695
54.814,0.6340,0.7704,0.9641,0.3140,0.8761,0.1985,0.7887
54.861,0.6340,0.7704,0.9836,0.3140,0.8956,0.1985,0.8083
54.908,0.6492,0.7704,1.0027,0.3140,0.9148,0.1985,0.8276
54.954,0.6725,0.3140,0.9341,0.1985,0.8469,0.5088,0.7585
55.003,0.6968,0.3140,0.9542,0.1985,0.8671,0.5088,0.7787
55.050,0.7119,0.3140,0.9734,0.1985,0.8863,0.5088,0.7980
55.095,0.7119,0.3140,0.9922,0.1985,0.9052,0.5088,0.8170
55.156,0.7119,0.3140,1.0173,0.1985,0.9303,0.5088,0.8422
55.203,0.7119,0.1985,0.9498,0.5088,0.8617,0.8175,0.7744
55.265,0.7119,0.1985,0.9755,0.5088,0.8875,0.8175,0.8003
55.311,0.7119,0.1985,0.9948,0.5088,0.9068,0.8175,0.8197
55.359,0.7119,0.1985,1.0144,0.5088,0.9264,0.8175,0.8393
55.404,0.6890,0.5088,0.9455,0.8175,0.8584,0.5407,0.7689
55.452,0.6890,0.5088,0.9654,0.8175,0.8784,0.5407,0.7889
55.499,0.6890,0.5088,0.9850,0.8175,0.8980,0.5407,0.8086
55.546,0.6890,0.5088,1.0044,0.8175,0.9175,0.5407,0.8282
55.608,0.6890,0.8175,0.9432,0.5407,0.8540,0.3398,0.7643
55.655,0.6890,0.8175,0.9629,0.5407,0.8737,0.3398,0.7840
55.703,0.6890,0.8175,0.9827,0.5407,0.8935,0.3398,0.8039
55.766,0.6890,0.8175,1.0089,0.5407,0.9198,0.3398,0.8303
55.812,0.6890,0.5407,0.9392,0.3398,0.8498,0.4629,0.7681
55.859,0.6890,0.5407,0.9589,0.3398,0.8695,0.4629,0.7878
55.906,0.6890,0.5407,0.9785,0.3398,0.8891,0.4629,0.8075
55.969,0.6890,0.5407,1.0048,0.3398,0.9156,0.4629,0.8340
56.016,0.6654,0.3398,0.9353,0.4629,0.8538,0.7487,0.7704
56.062,0.6425,0.3398,0.9545,0.4629,0.8731,0.7487,0.7897
56.109,0.6344,0.3398,0.9742,0.4629,0.8928,0.7487,0.8095
56.170,0.6344,0.3398,0.9998,0.4629,0.9184,0.7487,0.8351
56.234,0.6189,0.4629,0.9451,0.7487,0.8619,0.7648,0.7710
56.282,0.5947,0.4629,0.9654,0.7487,0.8823,0.7648,0.7915
56.329,0.5947,0.4629,0.9852,0.7487,0.9021,0.7648,0.8114
56.375,0.5947,0.4629,1.0045,0.7487,0.9214,0.7648,0.8307
56.422,0.5713,0.7487,0.9411,0.7648,0.8505,0.5286,0.7739
56.469,0.5477,0.7487,0.9610,0.7648,0.8704,0.5286,0.7938
56.515,0.5247,0.7487,0.9803,0.7648,0.8898,0.5286,0.8133
56.562,0.5010,0.7487,1.0003,0.7648,0.9098,0.5286,0.8333
56.609,0.4778,0.7648,0.9293,0.5286,0.8529,0.7564,0.7617
56.655,0.4545,0.7648,0.9490,0.5286,0.8726,0.7564,0.7815
56.717,0.4238,0.7648,0.9749,0.5286,0.8986,0.7564,0.8075
56.779,0.4076,0.7648,1.0012,0.5286,0.9249,0.7564,0.8339
56.842,0.4076,0.5286,0.9516,0.7564,0.8606,0.6926,0.7766
56.889,0.4076,0.5286,0.9714,0.7564,0.8805,0.6926,0.7965
56.953,0.4076,0.5286,0.9983,0.7564,0.9075,0.6926,0.8235
57.000,0.4076,0.5286,1.0185,0.7564,0.9277,0.6926,0.8437
57.047,0.4076,0.7564,0.9475,0.6926,0.8636,0.7381,0.7801
57.094,0.4076,0.7564,0.9674,0.6926,0.8836,0.7381,0.8001
57.141,0.4076,0.7564,0.9872,0.6926,0.9034,0.7381,0.8199
57.188,0.4076,0.7564,1.0074,0.6926,0.9237,0.7381,0.8403
57.235,0.4076,0.6926,0.9436,0.7381,0.8602,0.1247,0.7758
57.296,0.4076,0.6926,0.9696,0.7381,0.8863,0.1247,0.8019
57.344,0.4076,0.6926,0.9897,0.7381,0.9065,0.1247,0.8221
57.391,0.4076,0.6926,1.0099,0.7381,0.9267,0.1247,0.8424
57.453,0.4076,0.7381,0.9528,0.1247,0.8686,0.7663,0.7842
57.514,0.4076,0.7381,0.9791,0.1247,0.8949,0.7663,0.8106
57.561,0.4076,0.7381,0.9991,0.1247,0.9150,0.7663,0.8307
57.608,0.4076,0.1247,0.9349,0.7663,0.8507,0.5924,0.7647
57.655,0.4076,0.1247,0.9552,0.7663,0.8710,0.5924,0.7851
57.702,0.4076,0.1247,0.9749,0.7663,0.8908,0.5924,0.8050
57.749,0.4076,0.1247,0.9952,0.7663,0.9111,0.5924,0.8254
57.796,0.4076,0.1247,1.0151,0.7663,0.9311,0.5924,0.8453
57.858,0.4076,0.7663,0.9578,0.5924,0.8721,0.3018,0.7804
57.904,0.4076,0.7663,0.9775,0.5924,0.8919,0.3018,0.8003
57.966,0.4076,0.7663,1.0039,0.5924,0.9184,0.3018,0.8268
58.028,0.4076,0.5924,0.9450,0.3018,0.8535,0.9227,0.7683
58.075,0.4076,0.5924,0.9653,0.3018,0.8738,0.9227,0.7887
58.122,0.4076,0.5924,0.9855,0.3018,0.8941,0.9227,0.8090
58.185,0.4076,0.5924,1.0124,0.3018,0.9210,0.9227,0.8360
58.231,0.4076,0.3018,0.9408,0.9227,0.8558,0.7186,0.7633
58.278,0.4076,0.3018,0.9609,0.9227,0.8760,0.7186,0.7835
58.326,0.4076,0.3018,0.9815,0.9227,0.8967,0.7186,0.8042
58.387,0.4076,0.3018,1.0077,0.9227,0.9229,0.7186,0.8305
58.434,0.4076,0.9227,0.9432,0.7186,0.8508,0.5448,0.7649
58.481,0.4076,0.9227,0.9637,0.7186,0.8714,0.5448,0.7855
58.528,0.4076,0.9227,0.9839,0.7186,0.8917,0.5448,0.8058
58.574,0.4076,0.9227,1.0037,0.7186,0.9115,0.5448,0.8257
58.621,0.3924,0.7186,0.9317,0.5448,0.8460,0.5953,0.7537
58.662,0.3840,0.7186,0.9497,0.5448,0.8640,0.5953,0.7717
58.700,0.3840,0.7186,0.9659,0.5448,0.8802,0.5953,0.7880
58.746,0.3840,0.7186,0.9860,0.5448,0.9004,0.5953,0.8082
58.808,0.3840,0.7186,1.0125,0.5448,0.9269,0.5953,0.8348
58.870,0.3840,0.5448,0.9539,0.5953,0.8618,0.5377,0.7747
58.916,0.3840,0.5448,0.9740,0.5953,0.8819,0.5377,0.7949
58.963,0.3840,0.5448,0.9941,0.5953,0.9021,0.5377,0.8151
59.010,0.3840,0.5448,1.0146,0.5953,0.9226,0.5377,0.8357
59.057,0.3840,0.5953,0.9430,0.5377,0.8560,0.1810,0.7760
59.118,0.3840,0.5953,0.9697,0.5377,0.8829,0.1810,0.8029
59.165,0.3840,0.5953,0.9901,0.5377,0.9033,0.1810,0.8233
59.211,0.3840,0.5953,1.0101,0.5377,0.9233,0.1810,0.8434
59.258,0.3840,0.5377,0.9438,0.1810,0.8639,0.5875,0.7711
59.305,0.3840,0.5377,0.9642,0.1810,0.8844,0.5875,0.7916
59.351,0.3840,0.5377,0.9843,0.1810,0.9045,0.5875,0.8117
59.412,0.3840,0.5377,1.0105,0.1810,0.9308,0.5875,0.8381
59.473,0.3840,0.1810,0.9576,0.5875,0.8649,0.5876,0.7712
59.520,0.3840,0.1810,0.9781,0.5875,0.8855,0.5876,0.7917
59.566,0.3840,0.1810,0.9983,0.5875,0.9058,0.5876,0.8121
59.613,0.4075,0.5875,0.9264,0.5876,0.8327,0.3526,0.7456
59.660,0.4308,0.5875,0.9467,0.5876,0.8531,0.3526,0.7660
59.721,0.4461,0.5875,0.9736,0.5876,0.8801,0.3526,0.7930
59.768,0.4461,0.5875,0.9940,0.5876,0.9005,0.3526,0.8135
59.815,0.4461,0.5875,1.0146,0.5876,0.9212,0.3526,0.8342
59.862,0.4461,0.5876,0.9416,0.3526,0.8547,0.0700,0.7612
59.909,0.4461,0.5876,0.9624,0.3526,0.8755,0.0700,0.7821
59.971,0.4615,0.5876,0.9895,0.3526,0.9027,0.0700,0.8093
60.018,0.4854,0.5876,1.0104,0.3526,0.9237,0.0700,0.8303
60.064,0.5084,0.3526,0.9438,0.0700,0.8505,0.6167,0.7563
60.112,0.5320,0.3526,0.9646,0.0700,0.8714,0.6167,0.7772
60.159,0.5556,0.3526,0.9854,0.0700,0.8922,0.6167,0.7980
60.205,0.5787,0.3526,1.0057,0.0700,0.9125,0.6167,0.8184
60.252,0.6021,0.0700,0.9332,0.6167,0.8391,0.5370,0.7514
60.314,0.6331,0.0700,0.9605,0.6167,0.8665,0.5370,0.7789
60.361,0.6567,0.0700,0.9812,0.6167,0.8873,0.5370,0.7997
60.408,0.6804,0.0700,1.0021,0.6167,0.9082,0.5370,0.8207
60.455,0.7036,0.6167,0.9288,0.5370,0.8413,0.3551,0.7599
60.501,0.7186,0.6167,0.9491,0.5370,0.8617,0.3551,0.7804
60.547,0.7186,0.6167,0.9695,0.5370,0.8822,0.3551,0.8009
60.594,0.7186,0.6167,0.9902,0.5370,0.9029,0.3551,0.8216
60.658,0.7186,0.6167,1.0186,0.5370,0.9313,0.3551,0.8501
60.720,0.7186,0.5370,0.9587,0.3551,0.8776,0.2078,0.7834
60.767,0.6951,0.5370,0.9794,0.3551,0.8983,0.2078,0.8042
60.813,0.6721,0.5370,0.9998,0.3551,0.9188,0.2078,0.8247
60.874,0.6415,0.3551,0.9459,0.2078,0.8519,0.8818,0.7638
60.937,0.6102,0.3551,0.9737,0.2078,0.8797,0.8818,0.7917
60.999,0.5791,0.3551,1.0013,0.2078,0.9074,0.8818,0.8194
61.062,0.5476,0.2078,0.9355,0.8818,0.8475,0.8057,0.7660
61.109,0.5239,0.2078,0.9565,0.8818,0.8686,0.8057,0.7871
61.170,0.5092,0.2078,0.9833,0.8818,0.8955,0.8057,0.8140
61.217,0.5092,0.2078,1.0044,0.8818,0.9166,0.8057,0.8352
61.264,0.5092,0.8818,0.9376,0.8057,0.8562,0.6293,0.7621
61.311,0.5092,0.8818,0.9585,0.8057,0.8772,0.6293,0.7832
61.358,0.5092,0.8818,0.9793,0.8057,0.8981,0.6293,0.8041
61.405,0.5092,0.8818,1.0006,0.8057,0.9194,0.6293,0.8254
61.469,0.4855,0.8057,0.9479,0.6293,0.8539,0.3628,0.7655
61.530,0.4693,0.8057,0.9750,0.6293,0.8811,0.3628,0.7928
61.594,0.4693,0.8057,1.0034,0.6293,0.9096,0.3628,0.8214
61.640,0.4693,0.6293,0.9305,0.3628,0.8423,0.7727,0.7598
61.687,0.4693,0.6293,0.9515,0.3628,0.8634,0.7727,0.7809
61.749,0.4693,0.6293,0.9793,0.3628,0.8911,0.7727,0.8088
61.796,0.4693,0.6293,1.0004,0.3628,0.9123,0.7727,0.8300
61.843,0.4693,0.3628,0.9331,0.7727,0.8509,0.2374,0.7543
61.890,0.4693,0.3628,0.9541,0.7727,0.8719,0.2374,0.7754
61.936,0.4693,0.3628,0.9749,0.7727,0.8927,0.2374,0.7963
61.983,0.4693,0.3628,0.9959,0.7727,0.9138,0.2374,0.8174
62.029,0.4924,0.3628,1.0167,0.7727,0.9346,0.2374,0.8383
62.077,0.4924,0.7727,0.9564,0.2374,0.8602,0.3365,0.7641
62.123,0.4924,0.7727,0.9770,0.2374,0.8808,0.3365,0.7848
62.171,0.4924,0.7727,0.9983,0.2374,0.9021,0.3365,0.8062
62.216,0.4924,0.2374,0.9228,0.3365,0.8269,0.3090,0.7372
62.263,0.4924,0.2374,0.9436,0.3365,0.8478,0.3090,0.7581
62.310,0.4843,0.2374,0.9651,0.3365,0.8693,0.3090,0.7797
62.358,0.4606,0.2374,0.9864,0.3365,0.8906,0.3090,0.8011
62.405,0.4606,0.2374,1.0077,0.3365,0.9120,0.3090,0.8225
62.468,0.4606,0.3365,0.9405,0.3090,0.8511,0.6282,0.7534
62.515,0.4606,0.3365,0.9618,0.3090,0.8724,0.6282,0.7747
62.576,0.4606,0.3365,0.9896,0.3090,0.9003,0.6282,0.8027
62.639,0.4606,0.3365,1.0178,0.3090,0.9286,0.6282,0.8310
62.686,0.4373,0.3090,0.9497,0.6282,0.8522,0.1775,0.7628
62.732,0.4141,0.3090,0.9707,0.6282,0.8732,0.1775,0.7839
62.779,0.3906,0.3090,0.9920,0.6282,0.8946,0.1775,0.8053
62.828,0.3663,0.3090,1.0140,0.6282,0.9167,0.1775,0.8274
62.874,0.3582,0.6282,0.9376,0.1775,0.8484,0.6708,0.7511
62.935,0.3582,0.6282,0.9654,0.1775,0.8762,0.6708,0.7790
62.982,0.3582,0.6282,0.9867,0.1775,0.8976,0.6708,0.8004
63.028,0.3582,0.6282,1.0078,0.1775,0.9188,0.6708,0.8217
63.089,0.3582,0.1775,0.9461,0.6708,0.8491,0.4453,0.7506
63.135,0.3582,0.1775,0.9673,0.6708,0.8703,0.4453,0.7719
63.182,0.3427,0.1775,0.9888,0.6708,0.8919,0.4453,0.7935
63.229,0.3194,0.1775,1.0100,0.6708,0.9131,0.4453,0.8148
63.278,0.2951,0.6708,0.9352,0.4453,0.8370,0.8919,0.7454
63.323,0.2951,0.6708,0.9559,0.4453,0.8577,0.8919,0.7661
63.370,0.2951,0.6708,0.9774,0.4453,0.8792,0.8919,0.7878
63.416,0.2951,0.6708,0.9985,0.4453,0.9004,0.8919,0.8090
63.462,0.2951,0.4453,0.9215,0.8919,0.8301,0.7363,0.7389
63.510,0.2951,0.4453,0.9432,0.8919,0.8518,0.7363,0.7607
63.556,0.2951,0.4453,0.9644,0.8919,0.8731,0.7363,0.7820
63.618,0.2951,0.4453,0.9925,0.8919,0.9013,0.7363,0.8102
63.666,0.2951,0.4453,1.0148,0.8919,0.9236,0.7363,0.8326
63.729,0.3265,0.8919,0.9524,0.7363,0.8614,0.2348,0.7638
63.776,0.3501,0.8919,0.9740,0.7363,0.8831,0.2348,0.7855
63.838,0.3808,0.8919,1.0021,0.7363,0.9113,0.2348,0.8137
63.885,0.4044,0.7363,0.9330,0.2348,0.8355,0.7893,0.7435
63.932,0.4280,0.7363,0.9546,0.2348,0.8572,0.7893,0.7652
63.994,0.4588,0.7363,0.9829,0.2348,0.8856,0.7893,0.7937
64.041,0.4823,0.7363,1.0045,0.2348,0.9072,0.7893,0.8153
64.088,0.4823,0.2348,0.9287,0.7893,0.8369,0.3930,0.7446
64.134,0.4823,0.2348,0.9501,0.7893,0.8583,0.3930,0.7661
64.196,0.4823,0.2348,0.9787,0.7893,0.8870,0.3930,0.7948
64.244,0.4823,0.2348,1.0005,0.7893,0.9089,0.3930,0.8168
64.291,0.5061,0.7893,0.9308,0.3930,0.8388,0.8532,0.7362
64.355,0.5377,0.7893,0.9601,0.3930,0.8681,0.8532,0.7655
64.402,0.5377,0.7893,0.9819,0.3930,0.8900,0.8532,0.7875
64.448,0.5377,0.7893,1.0031,0.3930,0.9112,0.8532,0.8087
64.495,0.5377,0.3930,0.9330,0.8532,0.8306,0.9583,0.7343
64.544,0.5377,0.3930,0.9556,0.8532,0.8533,0.9583,0.7570
64.606,0.5377,0.3930,0.9841,0.8532,0.8818,0.9583,0.7856
64.652,0.5147,0.3930,1.0054,0.8532,0.9032,0.9583,0.8071
64.699,0.4911,0.8532,0.9251,0.9583,0.8290,0.6593,0.7309
64.762,0.4595,0.8532,0.9544,0.9583,0.8584,0.6593,0.7603
64.811,0.4352,0.8532,0.9769,0.9583,0.8809,0.6593,0.7829
64.873,0.4039,0.8532,1.0058,0.9583,0.9100,0.6593,0.8120
64.920,0.3804,0.9583,0.9319,0.6593,0.8339,0.7045,0.7476
64.966,0.3573,0.9583,0.9533,0.6593,0.8554,0.7045,0.7692
65.013,0.3341,0.9583,0.9748,0.6593,0.8770,0.7045,0.7908
65.074,0.3037,0.9583,1.0031,0.6593,0.9053,0.7045,0.8192
65.138,0.3037,0.6593,0.9352,0.7045,0.8491,0.5465,0.7500
65.199,0.3037,0.6593,0.9638,0.7045,0.8777,0.5465,0.7787
65.262,0.3037,0.6593,0.9931,0.7045,0.9072,0.5465,0.8082
65.324,0.3037,0.7045,0.9361,0.5465,0.8372,0.4635,0.7436
65.372,0.3037,0.7045,0.9583,0.5465,0.8594,0.4635,0.7659
65.419,0.2883,0.7045,0.9803,0.5465,0.8814,0.4635,0.7880
65.482,0.2721,0.7045,1.0097,0.5465,0.9109,0.4635,0.8175
65.544,0.2721,0.5465,0.9399,0.4635,0.8466,0.0426,0.7459
65.606,0.2721,0.5465,0.9688,0.4635,0.8756,0.0426,0.7749
65.652,0.2721,0.5465,0.9906,0.4635,0.8974,0.0426,0.7968
65.715,0.2721,0.4635,0.9265,0.0426,0.8259,0.3062,0.7328
65.762,0.2958,0.4635,0.9487,0.0426,0.8481,0.3062,0.7550
65.810,0.3200,0.4635,0.9714,0.0426,0.8709,0.3062,0.7778
65.857,0.3435,0.4635,0.9934,0.0426,0.8930,0.3062,0.8000
65.904,0.3669,0.4635,1.0153,0.0426,0.9149,0.3062,0.8220
65.951,0.3902,0.0426,0.9368,0.3062,0.8439,0.0858,0.7486
65.997,0.4133,0.0426,0.9585,0.3062,0.8657,0.0858,0.7704
66.043,0.4365,0.0426,0.9803,0.3062,0.8875,0.0858,0.7923
66.090,0.4598,0.0426,1.0022,0.3062,0.9095,0.0858,0.8144
66.152,0.4753,0.3062,0.9389,0.0858,0.8438,0.3328,0.7419
66.215,0.4753,0.3062,0.9685,0.0858,0.8735,0.3328,0.7716
66.264,0.4753,0.3062,0.9913,0.0858,0.8964,0.3328,0.7945
66.309,0.4753,0.3062,1.0127,0.0858,0.9178,0.3328,0.8160
66.371,0.4753,0.0858,0.9470,0.3328,0.8453,0.8960,0.7438
66.418,0.4520,0.0858,0.9690,0.3328,0.8673,0.8960,0.7658
66.464,0.4288,0.0858,0.9909,0.3328,0.8893,0.8960,0.7879
66.511,0.4288,0.0858,1.0129,0.3328,0.9114,0.8960,0.8100
66.558,0.4288,0.3328,0.9336,0.8960,0.8323,0.6959,0.7371
66.604,0.4288,0.3328,0.9556,0.8960,0.8543,0.6959,0.7591
66.667,0.4288,0.3328,0.9851,0.8960,0.8839,0.6959,0.7888
66.713,0.4288,0.3328,1.0071,0.8960,0.9059,0.6959,0.8108
66.761,0.4288,0.8960,0.9285,0.6959,0.8335,0.6715,0.7393
66.808,0.4441,0.8960,0.9507,0.6959,0.8558,0.6715,0.7616
66.854,0.4591,0.8960,0.9726,0.6959,0.8777,0.6715,0.7835
66.916,0.4591,0.8960,1.0020,0.6959,0.9072,0.6715,0.8131
66.963,0.4591,0.6959,0.9295,0.6715,0.8355,0.0902,0.7327
67.024,0.4591,0.6959,0.9584,0.6715,0.8645,0.0902,0.7617
67.070,0.4591,0.6959,0.9805,0.6715,0.8866,0.0902,0.7839
67.131,0.4591,0.6959,1.0094,0.6715,0.9156,0.0902,0.8129
67.179,0.4679,0.6715,0.9384,0.0902,0.8357,0.3156,0.7336
67.225,0.4910,0.6715,0.9604,0.0902,0.8578,0.3156,0.7557
67.272,0.5140,0.6715,0.9823,0.0902,0.8798,0.3156,0.7777
67.318,0.5373,0.6715,1.0045,0.0902,0.9020,0.3156,0.8000
67.365,0.5610,0.0902,0.9246,0.3156,0.8226,0.4619,0.7265
67.412,0.5762,0.0902,0.9469,0.3156,0.8450,0.4619,0.7489
67.459,0.5762,0.0902,0.9692,0.3156,0.8673,0.4619,0.7713
67.506,0.5999,0.0902,0.9917,0.3156,0.8899,0.4619,0.7940
67.568,0.6308,0.3156,0.9195,0.4619,0.8235,0.3580,0.7213
67.614,0.6308,0.3156,0.9416,0.4619,0.8457,0.3580,0.7435
67.660,0.6308,0.3156,0.9635,0.4619,0.8677,0.3580,0.7656
67.707,0.6461,0.3156,0.9860,0.4619,0.8902,0.3580,0.7881
67.754,0.6461,0.3156,1.0085,0.4619,0.9127,0.3580,0.8107
67.816,0.6461,0.4619,0.9423,0.3580,0.8404,0.5230,0.7437
67.862,0.6461,0.4619,0.9645,0.3580,0.8626,0.5230,0.7660
67.909,0.6461,0.4619,0.9869,0.3580,0.8850,0.5230,0.7884
67.955,0.6461,0.4619,1.0091,0.3580,0.9073,0.5230,0.8108
68.003,0.6461,0.3580,0.9301,0.5230,0.8336,0.8000,0.7455
68.049,0.6461,0.3580,0.9523,0.5230,0.8559,0.8000,0.7679
68.112,0.6461,0.3580,0.9824,0.5230,0.8860,0.8000,0.7981
68.158,0.6461,0.3580,1.0045,0.5230,0.9082,0.8000,0.8203
68.220,0.6461,0.5230,0.9380,0.8000,0.8502,0.5312,0.7468
68.282,0.6461,0.5230,0.9679,0.8000,0.8802,0.5312,0.7769
68.345,0.6461,0.5230,0.9982,0.8000,0.9106,0.5312,0.8073
68.392,0.6461,0.8000,0.9333,0.5312,0.8301,0.9450,0.7263
68.439,0.6461,0.8000,0.9560,0.5312,0.8528,0.9450,0.7491
68.485,0.6461,0.8000,0.9782,0.5312,0.8751,0.9450,0.7714
68.532,0.6461,0.8000,1.0006,0.5312,0.8976,0.9450,0.7939
68.579,0.6461,0.5312,0.9203,0.9450,0.8167,0.9494,0.7134
68.639,0.6461,0.5312,0.9497,0.9450,0.8462,0.9494,0.7430
68.686,0.6461,0.5312,0.9722,0.9450,0.8687,0.9494,0.7656
68.748,0.6461,0.5312,1.0021,0.9450,0.8987,0.9494,0.7956
68.804,0.6344,0.9450,0.9258,0.9494,0.8228,0.7466,0.7189
68.842,0.6151,0.9450,0.9445,0.9494,0.8415,0.7466,0.7377
68.904,0.5999,0.9450,0.9742,0.9494,0.8713,0.7466,0.7675
68.950,0.5999,0.9450,0.9967,0.9494,0.8938,0.7466,0.7901
69.013,0.5999,0.9494,0.9242,0.7466,0.8206,0.4753,0.7159
69.060,0.5999,0.9494,0.9473,0.7466,0.8437,0.4753,0.7391
69.107,0.5999,0.9494,0.9702,0.7466,0.8666,0.4753,0.7621
69.154,0.5999,0.9494,0.9926,0.7466,0.8891,0.4753,0.7847
69.200,0.5999,0.9494,1.0150,0.7466,0.9115,0.4753,0.8071
69.247,0.5999,0.7466,0.9344,0.4753,0.8300,0.2031,0.7336
69.295,0.5999,0.7466,0.9580,0.4753,0.8537,0.2031,0.7573
69.342,0.5999,0.7466,0.9807,0.4753,0.8765,0.2031,0.7801
69.404,0.5999,0.7466,1.0107,0.4753,0.9065,0.2031,0.8103
69.466,0.6314,0.4753,0.9372,0.2031,0.8410,0.4844,0.7362
69.514,0.6551,0.4753,0.9604,0.2031,0.8642,0.4844,0.7595
69.560,0.6783,0.4753,0.9830,0.2031,0.8869,0.4844,0.7822
69.622,0.7093,0.4753,1.0132,0.2031,0.9172,0.4844,0.8125
69.669,0.7174,0.2031,0.9401,0.4844,0.8355,0.5795,0.7377
69.717,0.7174,0.2031,0.9632,0.4844,0.8587,0.5795,0.7609
69.763,0.7174,0.2031,0.9861,0.4844,0.8816,0.5795,0.7839
69.809,0.7174,0.2031,1.0085,0.4844,0.9041,0.5795,0.8064
69.856,0.7174,0.4844,0.9269,0.5795,0.8293,0.0289,0.7245
69.902,0.7174,0.4844,0.9497,0.5795,0.8522,0.0289,0.7474
69.964,0.7174,0.4844,0.9798,0.5795,0.8823,0.0289,0.7776
70.011,0.7174,0.4844,1.0030,0.5795,0.9056,0.0289,0.8009
70.058,0.7174,0.5795,0.9286,0.0289,0.8240,0.8487,0.7185
70.104,0.7174,0.5795,0.9511,0.0289,0.8465,0.8487,0.7411
70.166,0.7174,0.5795,0.9814,0.0289,0.8769,0.8487,0.7715
70.213,0.7174,0.5795,1.0044,0.0289,0.9000,0.8487,0.7946
70.274,0.7174,0.0289,0.9301,0.8487,0.8248,0.0613,0.7270
70.337,0.7174,0.0289,0.9611,0.8487,0.8559,0.0613,0.7581
70.384,0.7174,0.0289,0.9841,0.8487,0.8789,0.0613,0.7812
70.431,0.7174,0.0289,1.0074,0.8487,0.9023,0.0613,0.8046
70.478,0.7174,0.8487,0.9256,0.0613,0.8280,0.0354,0.7376
70.540,0.7174,0.8487,0.9560,0.0613,0.8584,0.0354,0.7681
70.586,0.7174,0.8487,0.9788,0.0613,0.8813,0.0354,0.7910
70.633,0.7174,0.8487,1.0018,0.0613,0.9043,0.0354,0.8141
70.679,0.7174,0.0613,0.9273,0.0354,0.8371,0.5571,0.7301
70.741,0.7174,0.0613,0.9579,0.0354,0.8678,0.5571,0.7608
70.788,0.7174,0.0613,0.9809,0.0354,0.8909,0.5571,0.7839
70.835,0.7174,0.0613,1.0040,0.0354,0.9140,0.5571,0.8071
70.881,0.7174,0.0354,0.9370,0.5571,0.8302,0.2461,0.7313
70.928,0.7174,0.0354,0.9601,0.5571,0.8533,0.2461,0.7545
70.974,0.7174,0.0354,0.9831,0.5571,0.8763,0.2461,0.7775
71.036,0.7174,0.0354,1.0138,0.5571,0.9071,0.2461,0.8084
71.099,0.7174,0.5571,0.9381,0.2461,0.8394,0.9032,0.7321
71.162,0.7174,0.5571,0.9695,0.2461,0.8709,0.9032,0.7637
71.211,0.6929,0.5571,0.9937,0.2461,0.8952,0.9032,0.7880
71.273,0.6620,0.2461,0.9260,0.9032,0.8189,0.1221,0.7120
71.336,0.6304,0.2461,0.9574,0.9032,0.8503,0.1221,0.7435
71.383,0.6068,0.2461,0.9809,0.9032,0.8739,0.1221,0.7671
71.430,0.5835,0.2461,1.0040,0.9032,0.8970,0.1221,0.7903
71.476,0.5835,0.9032,0.9199,0.1221,0.8132,0.7845,0.7138
71.523,0.5835,0.9032,0.9434,0.1221,0.8368,0.7845,0.7375
71.570,0.5835,0.9032,0.9668,0.1221,0.8603,0.7845,0.7610
71.606,0.5736,0.9032,0.9848,0.1221,0.8782,0.7845,0.7790
71.648,0.5526,0.9032,1.0057,0.1221,0.8992,0.7845,0.8000
71.694,0.5377,0.1221,0.9222,0.7845,0.8230,0.7361,0.7238
71.756,0.5377,0.1221,0.9533,0.7845,0.8542,0.7361,0.7551
71.818,0.5377,0.1221,0.9840,0.7845,0.8850,0.7361,0.7859
71.880,0.5377,0.1221,1.0150,0.7845,0.9161,0.7361,0.8170
71.929,0.5377,0.7845,0.9403,0.7361,0.8413,0.3016,0.7335
71.975,0.5377,0.7845,0.9638,0.7361,0.8648,0.3016,0.7571
72.039,0.5377,0.7845,0.9955,0.7361,0.8966,0.3016,0.7889
72.102,0.5377,0.7361,0.9281,0.3016,0.8205,0.7754,0.7205
72.148,0.5377,0.7361,0.9515,0.3016,0.8439,0.7754,0.7440
72.195,0.5377,0.7361,0.9747,0.3016,0.8672,0.7754,0.7674
72.256,0.5377,0.7361,1.0056,0.3016,0.8981,0.7754,0.7983
72.303,0.5144,0.3016,0.9215,0.7754,0.8217,0.1224,0.7135
72.363,0.4994,0.3016,0.9518,0.7754,0.8521,0.1224,0.7440
72.410,0.4994,0.3016,0.9753,0.7754,0.8757,0.1224,0.7676
72.473,0.4994,0.3016,1.0069,0.7754,0.9073,0.1224,0.7993
72.535,0.4994,0.7754,0.9386,0.1224,0.8307,0.2420,0.7224
72.584,0.4994,0.7754,0.9634,0.1224,0.8555,0.2420,0.7473
72.630,0.4765,0.7754,0.9865,0.1224,0.8786,0.2420,0.7705
72.692,0.4611,0.7754,1.0175,0.1224,0.9097,0.2420,0.8016
72.739,0.4611,0.1224,0.9335,0.2420,0.8255,0.7345,0.7156
72.800,0.4464,0.1224,0.9643,0.2420,0.8563,0.7345,0.7464
72.849,0.4218,0.1224,0.9890,0.2420,0.8811,0.7345,0.7713
72.896,0.4137,0.1224,1.0126,0.2420,0.9047,0.7345,0.7949
72.942,0.4137,0.2420,0.9281,0.7345,0.8184,0.6607,0.7172
73.004,0.4137,0.2420,0.9596,0.7345,0.8499,0.6607,0.7488
73.051,0.4056,0.2420,0.9834,0.7345,0.8738,0.6607,0.7727
73.098,0.3820,0.2420,1.0072,0.7345,0.8977,0.6607,0.7967
73.146,0.3668,0.7345,0.9217,0.6607,0.8207,0.7413,0.7196
73.207,0.3668,0.7345,0.9524,0.6607,0.8516,0.7413,0.7505
73.254,0.3668,0.7345,0.9762,0.6607,0.8754,0.7413,0.7744
73.316,0.3355,0.7345,1.0079,0.6607,0.9072,0.7413,0.8063
73.363,0.3274,0.6607,0.9310,0.7413,0.8301,0.4782,0.7205
73.425,0.3274,0.6607,0.9627,0.7413,0.8619,0.4782,0.7523
73.473,0.3039,0.6607,0.9866,0.7413,0.8858,0.4782,0.7763
73.522,0.2886,0.6607,1.0116,0.7413,0.9108,0.4782,0.8014
73.567,0.2886,0.7413,0.9337,0.4782,0.8243,0.0491,0.7293
73.614,0.2886,0.7413,0.9580,0.4782,0.8486,0.0491,0.7537
73.661,0.2886,0.7413,0.9816,0.4782,0.8723,0.0491,0.7775
73.722,0.2886,0.7413,1.0126,0.4782,0.9034,0.0491,0.8086
73.769,0.2886,0.4782,0.9272,0.0491,0.8325,0.9696,0.7313
73.816,0.2886,0.4782,0.9511,0.0491,0.8564,0.9696,0.7553
73.876,0.2886,0.4782,0.9821,0.0491,0.8875,0.9696,0.7864
73.923,0.2886,0.4782,1.0058,0.0491,0.9112,0.9696,0.8102
73.984,0.2886,0.0491,0.9426,0.9696,0.8416,0.5752,0.7394
74.048,0.2886,0.0491,0.9750,0.9696,0.8741,0.5752,0.7720
74.094,0.3117,0.0491,0.9987,0.9696,0.8978,0.5752,0.7958
74.141,0.3272,0.9696,0.9220,0.5752,0.8200,0.1595,0.7176
74.188,0.3272,0.9696,0.9458,0.5752,0.8438,0.1595,0.7415
74.249,0.3272,0.9696,0.9770,0.5752,0.8751,0.1595,0.7728
74.312,0.3272,0.9696,1.0092,0.5752,0.9074,0.1595,0.8052
74.375,0.3272,0.5752,0.9395,0.1595,0.8374,0.1541,0.7342
74.421,0.3272,0.5752,0.9632,0.1595,0.8611,0.1541,0.7579
74.484,0.3272,0.5752,0.9957,0.1595,0.8937,0.1541,0.7906
74.531,0.3426,0.1595,0.9178,0.1541,0.8147,0.2948,0.7045
74.578,0.3661,0.1595,0.9419,0.1541,0.8389,0.2948,0.7287
74.640,0.3970,0.1595,0.9737,0.1541,0.8707,0.2948,0.7606
74.687,0.3970,0.1595,0.9977,0.1541,0.8948,0.2948,0.7847
74.733,0.3970,0.1541,0.9186,0.2948,0.8086,0.6457,0.7051
74.780,0.3970,0.1541,0.9427,0.2948,0.8327,0.6457,0.7293
74.826,0.3970,0.1541,0.9665,0.2948,0.8565,0.6457,0.7532
74.874,0.4051,0.1541,0.9912,0.2948,0.8813,0.6457,0.7780
74.922,0.4292,0.1541,1.0161,0.2948,0.9062,0.6457,0.8030
74.971,0.4373,0.2948,0.9312,0.6457,0.8280,0.7456,0.7169
75.018,0.4373,0.2948,0.9555,0.6457,0.8523,0.7456,0.7413
75.064,0.4142,0.2948,0.9793,0.6457,0.8762,0.7456,0.7652
75.110,0.3910,0.2948,1.0032,0.6457,0.9002,0.7456,0.7892
75.158,0.3673,0.6457,0.9247,0.7456,0.8138,0.4823,0.7104
75.205,0.3439,0.6457,0.9489,0.7456,0.8380,0.4823,0.7347
75.267,0.3127,0.6457,0.9811,0.7456,0.8703,0.4823,0.7670
75.314,0.2891,0.6457,1.0055,0.7456,0.8947,0.4823,0.7915
75.376,0.2582,0.7456,0.9268,0.4823,0.8236,0.3747,0.7210
75.424,0.2344,0.7456,0.9515,0.4823,0.8483,0.3747,0.7458
75.470,0.2193,0.7456,0.9754,0.4823,0.8723,0.3747,0.7698
75.531,0.2193,0.7456,1.0072,0.4823,0.9042,0.3747,0.8017
75.578,0.2193,0.4823,0.9286,0.3747,0.8262,0.0855,0.7141
75.626,0.2193,0.4823,0.9532,0.3747,0.8508,0.0855,0.7387
75.688,0.2193,0.4823,0.9854,0.3747,0.8831,0.0855,0.7711
75.736,0.2193,0.4823,1.0106,0.3747,0.9084,0.0855,0.7964
75.783,0.2193,0.3747,0.9324,0.0855,0.8205,0.9167,0.7162
75.829,0.2425,0.3747,0.9565,0.0855,0.8446,0.9167,0.7404
75.876,0.2658,0.3747,0.9807,0.0855,0.8689,0.9167,0.7647
75.922,0.2892,0.3747,1.0051,0.0855,0.8933,0.9167,0.7892
75.969,0.3123,0.0855,0.9174,0.9167,0.8133,0.9480,0.7086
76.031,0.3434,0.0855,0.9498,0.9167,0.8458,0.9480,0.7411
76.078,0.3671,0.0855,0.9744,0.9167,0.8704,0.9480,0.7658
76.141,0.3985,0.0855,1.0072,0.9167,0.9033,0.9480,0.7987
76.203,0.4296,0.9167,0.9357,0.9480,0.8313,0.1761,0.7188
76.266,0.4609,0.9167,0.9684,0.9480,0.8640,0.1761,0.7517
76.313,0.4843,0.9167,0.9928,0.9480,0.8885,0.1761,0.7762
76.375,0.5157,0.9480,0.9213,0.1761,0.8091,0.2453,0.6943
76.423,0.5396,0.9480,0.9463,0.1761,0.8341,0.2453,0.7193
76.468,0.5619,0.9480,0.9696,0.1761,0.8575,0.2453,0.7428
76.515,0.5619,0.9480,0.9941,0.1761,0.8820,0.2453,0.7673
76.562,0.5619,0.1761,0.9068,0.2453,0.7922,0.2713,0.6791
76.623,0.5619,0.1761,0.9390,0.2453,0.8244,0.2713,0.7114
76.671,0.5619,0.1761,0.9640,0.2453,0.8495,0.2713,0.7366
76.718,0.5619,0.1761,0.9887,0.2453,0.8743,0.2713,0.7614
76.765,0.5619,0.1761,1.0133,0.2453,0.8989,0.2713,0.7861
76.812,0.5619,0.2453,0.9237,0.2713,0.8110,0.7823,0.6977
76.860,0.5619,0.2453,0.9489,0.2713,0.8362,0.7823,0.7230
76.906,0.5619,0.2453,0.9730,0.2713,0.8604,0.7823,0.7472
76.969,0.5619,0.2453,1.0059,0.2713,0.8934,0.7823,0.7803
77.015,0.5847,0.2713,0.9174,0.7823,0.8044,0.4365,0.6993
77.062,0.6084,0.2713,0.9423,0.7823,0.8294,0.4365,0.7243
77.125,0.6084,0.2713,0.9753,0.7823,0.8624,0.4365,0.7574
77.171,0.6084,0.2713,1.0000,0.7823,0.8871,0.4365,0.7822
77.218,0.6084,0.7823,0.9119,0.4365,0.8070,0.1389,0.6923
77.279,0.6084,0.7823,0.9437,0.4365,0.8389,0.1389,0.7243
77.326,0.6165,0.7823,0.9685,0.4365,0.8637,0.1389,0.7492
77.372,0.6396,0.7823,0.9928,0.4365,0.8881,0.1389,0.7736
77.434,0.6477,0.4365,0.9209,0.1389,0.8065,0.0412,0.6920
77.481,0.6477,0.4365,0.9456,0.1389,0.8313,0.0412,0.7168
77.528,0.6477,0.4365,0.9707,0.1389,0.8563,0.0412,0.7419
77.574,0.6477,0.4365,0.9951,0.1389,0.8808,0.0412,0.7665
77.621,0.6630,0.1389,0.9056,0.0412,0.7913,0.5637,0.6855
77.668,0.6785,0.1389,0.9306,0.0412,0.8164,0.5637,0.7106
77.715,0.6785,0.1389,0.9553,0.0412,0.8411,0.5637,0.7353
77.761,0.6785,0.1389,0.9798,0.0412,0.8656,0.5637,0.7599
77.808,0.6785,0.1389,1.0045,0.0412,0.8904,0.5637,0.7847
77.855,0.6785,0.0412,0.9152,0.5637,0.8096,0.3539,0.7112
77.902,0.6785,0.0412,0.9404,0.5637,0.8348,0.3539,0.7365
77.949,0.6785,0.0412,0.9650,0.5637,0.8594,0.3539,0.7612
77.995,0.7017,0.0412,0.9896,0.5637,0.8841,0.3539,0.7859
78.042,0.7017,0.0412,1.0144,0.5637,0.9089,0.3539,0.8108
78.088,0.7017,0.5637,0.9338,0.3539,0.8357,0.2734,0.7211
78.135,0.7017,0.5637,0.9585,0.3539,0.8604,0.2734,0.7459
78.172,0.6914,0.5637,0.9781,0.3539,0.8800,0.2734,0.7655
78.213,0.6709,0.5637,0.9998,0.3539,0.9019,0.2734,0.7874
78.260,0.6474,0.3539,0.9269,0.2734,0.8125,0.9645,0.7048
78.306,0.6240,0.3539,0.9518,0.2734,0.8374,0.9645,0.7298
78.369,0.5928,0.3539,0.9851,0.2734,0.8707,0.9645,0.7632
78.431,0.5619,0.3539,1.0180,0.2734,0.9037,0.9645,0.7962
78.478,0.5383,0.2734,0.9289,0.9645,0.8214,0.8220,0.7222
78.525,0.5148,0.2734,0.9539,0.9645,0.8465,0.8220,0.7474
78.587,0.4838,0.2734,0.9871,0.9645,0.8797,0.8220,0.7807
78.634,0.4757,0.2734,1.0121,0.9645,0.9048,0.8220,0.8057
78.680,0.4757,0.9645,0.9294,0.8220,0.8304,0.6809,0.7166
78.727,0.4757,0.9645,0.9548,0.8220,0.8559,0.6809,0.7421
78.789,0.4757,0.9645,0.9879,0.8220,0.8890,0.6809,0.7753
78.836,0.4757,0.9645,1.0129,0.8220,0.9141,0.6809,0.8004
78.882,0.4838,0.8220,0.9390,0.6809,0.8254,0.8711,0.7261
78.929,0.5073,0.8220,0.9641,0.6809,0.8505,0.8711,0.7513
78.972,0.5154,0.8220,0.9869,0.6809,0.8733,0.8711,0.7742
79.007,0.5154,0.8220,1.0058,0.6809,0.8923,0.8711,0.7931
79.054,0.5154,0.6809,0.9175,0.8711,0.8184,0.4681,0.7027
79.100,0.5154,0.6809,0.9421,0.8711,0.8430,0.4681,0.7273
79.161,0.5460,0.6809,0.9749,0.8711,0.8759,0.4681,0.7603
79.225,0.5624,0.6809,1.0090,0.8711,0.9101,0.4681,0.7946
79.271,0.5624,0.8711,0.9350,0.4681,0.8195,0.3968,0.7113
79.332,0.5929,0.8711,0.9677,0.4681,0.8522,0.3968,0.7441
79.395,0.6244,0.8711,1.0016,0.4681,0.8862,0.3968,0.7782
79.458,0.6244,0.4681,0.9202,0.3968,0.8123,0.8875,0.6968
79.505,0.6244,0.4681,0.9457,0.3968,0.8378,0.8875,0.7223
79.551,0.6244,0.4681,0.9705,0.3968,0.8626,0.8875,0.7472
79.615,0.5924,0.4681,1.0049,0.3968,0.8971,0.8875,0.7818
79.662,0.5924,0.3968,0.9224,0.8875,0.8071,0.9103,0.6988
79.710,0.5924,0.3968,0.9484,0.8875,0.8331,0.9103,0.7249
79.772,0.5924,0.3968,0.9816,0.8875,0.8664,0.9103,0.7583
79.833,0.5924,0.3968,1.0148,0.8875,0.8996,0.9103,0.7916
79.882,0.5924,0.8875,0.9259,0.9103,0.8179,0.4066,0.7012
79.927,0.5924,0.8875,0.9506,0.9103,0.8427,0.4066,0.7260
79.975,0.5924,0.8875,0.9765,0.9103,0.8685,0.4066,0.7520
80.022,0.6156,0.8875,1.0016,0.9103,0.8937,0.4066,0.7772
80.069,0.6392,0.9103,0.9192,0.4066,0.8028,0.1001,0.6943
80.132,0.6392,0.9103,0.9534,0.4066,0.8370,0.1001,0.7286
80.178,0.6392,0.9103,0.9786,0.4066,0.8623,0.1001,0.7539
80.226,0.6392,0.9103,1.0047,0.4066,0.8884,0.1001,0.7801
80.273,0.6392,0.4066,0.9135,0.1001,0.8052,0.1021,0.6902
80.320,0.6392,0.4066,0.9391,0.1001,0.8309,0.1021,0.7159
80.368,0.6311,0.4066,0.9655,0.1001,0.8573,0.1021,0.7423
80.414,0.6082,0.4066,0.9903,0.1001,0.8822,0.1021,0.7673
80.460,0.6082,0.4066,1.0151,0.1001,0.9070,0.1021,0.7922
80.506,0.6082,0.1001,0.9323,0.1021,0.8175,0.4731,0.7066
80.553,0.6082,0.1001,0.9574,0.1021,0.8427,0.4731,0.7318
80.599,0.6082,0.1001,0.9828,0.1021,0.8681,0.4731,0.7573
80.647,0.6082,0.1001,1.0086,0.1021,0.8939,0.4731,0.7832
80.693,0.6313,0.1021,0.9191,0.4731,0.8084,0.0678,0.7080
80.740,0.6547,0.1021,0.9446,0.4731,0.8340,0.0678,0.7336
80.802,0.6547,0.1021,0.9788,0.4731,0.8683,0.0678,0.7679
80.863,0.6547,0.1021,1.0118,0.4731,0.9013,0.0678,0.8010
80.910,0.6547,0.4731,0.9271,0.0678,0.8269,0.4577,0.7082
80.972,0.6547,0.4731,0.9609,0.0678,0.8608,0.4577,0.7421
81.019,0.6313,0.4731,0.9865,0.0678,0.8864,0.4577,0.7678
81.066,0.6078,0.4731,1.0122,0.0678,0.9121,0.4577,0.7936
81.128,0.6078,0.0678,0.9460,0.4577,0.8276,0.4363,0.7092
81.174,0.6078,0.0678,0.9712,0.4577,0.8528,0.4363,0.7345
81.221,0.6078,0.0678,0.9969,0.4577,0.8785,0.4363,0.7603
81.268,0.6078,0.4577,0.9045,0.4363,0.7863,0.9181,0.6672
81.315,0.6078,0.4577,0.9301,0.4363,0.8119,0.9181,0.6929
81.362,0.6078,0.4577,0.9559,0.4363,0.8378,0.9181,0.7188
81.425,0.6078,0.4577,0.9905,0.4363,0.8724,0.9181,0.7535
81.473,0.6078,0.4577,1.0164,0.4363,0.8985,0.9181,0.7796
81.519,0.5997,0.4363,0.9242,0.9181,0.8053,0.6600,0.6940
81.582,0.5683,0.4363,0.9587,0.9181,0.8399,0.6600,0.7286
81.629,0.5447,0.4363,0.9846,0.9181,0.8658,0.6600,0.7546
81.676,0.5293,0.4363,1.0103,0.9181,0.8916,0.6600,0.7804
81.723,0.5293,0.9181,0.9174,0.6600,0.8062,0.1096,0.7041
81.784,0.5142,0.9181,0.9507,0.6600,0.8397,0.1096,0.7376
81.830,0.4911,0.9181,0.9761,0.6600,0.8651,0.1096,0.7630
81.877,0.4676,0.9181,1.0020,0.6600,0.8910,0.1096,0.7890
81.925,0.4436,0.6600,0.9174,0.1096,0.8155,0.6118,0.6973
81.972,0.4355,0.6600,0.9433,0.1096,0.8414,0.6118,0.7233
82.035,0.4355,0.6600,0.9779,0.1096,0.8760,0.6118,0.7580
82.081,0.4355,0.6600,1.0034,0.1096,0.9016,0.6118,0.7837
82.128,0.4355,0.1096,0.9276,0.6118,0.8097,0.1378,0.6992
82.190,0.4355,0.1096,0.9617,0.6118,0.8438,0.1378,0.7334
82.236,0.4355,0.1096,0.9875,0.6118,0.8697,0.1378,0.7594
82.283,0.4355,0.1096,1.0135,0.6118,0.8957,0.1378,0.7854
82.346,0.4123,0.6118,0.9303,0.1378,0.8201,0.8423,0.7011
82.404,0.3968,0.6118,0.9622,0.1378,0.8520,0.8423,0.7331
82.454,0.3968,0.6118,0.9899,0.1378,0.8798,0.8423,0.7609
82.500,0.3968,0.6118,1.0155,0.1378,0.9055,0.8423,0.7866
82.547,0.3968,0.1378,0.9315,0.8423,0.8127,0.2621,0.7016
82.604,0.4100,0.1378,0.9632,0.8423,0.8445,0.2621,0.7335
82.641,0.4284,0.1378,0.9836,0.8423,0.8649,0.2621,0.7540
82.688,0.4518,0.1378,1.0095,0.8423,0.8909,0.2621,0.7800
82.734,0.4518,0.8423,0.9168,0.2621,0.8060,0.6421,0.6936
82.796,0.4518,0.8423,0.9510,0.2621,0.8402,0.6421,0.7278
82.843,0.4518,0.8423,0.9771,0.2621,0.8664,0.6421,0.7541
82.904,0.4518,0.8423,1.0112,0.2621,0.9005,0.6421,0.7883
82.952,0.4518,0.2621,0.9271,0.6421,0.8149,0.0978,0.7026
83.014,0.4518,0.2621,0.9616,0.6421,0.8495,0.0978,0.7373
83.061,0.4518,0.2621,0.9878,0.6421,0.8757,0.0978,0.7635
83.108,0.4518,0.2621,1.0139,0.6421,0.9018,0.0978,0.7898
83.170,0.4518,0.6421,0.9363,0.0978,0.8242,0.9244,0.7217
83.218,0.4518,0.6421,0.9631,0.0978,0.8511,0.9244,0.7486
83.265,0.4518,0.6421,0.9893,0.0978,0.8774,0.9244,0.7749
83.326,0.4215,0.0978,0.9112,0.9244,0.8088,0.0597,0.6956
83.389,0.3898,0.0978,0.9466,0.9244,0.8443,0.0597,0.7312
83.436,0.3665,0.0978,0.9727,0.9244,0.8704,0.0597,0.7573
83.483,0.3431,0.0978,0.9988,0.9244,0.8966,0.0597,0.7835
83.529,0.3199,0.9244,0.9225,0.0597,0.8095,0.4585,0.6976
83.575,0.3199,0.9244,0.9485,0.0597,0.8356,0.4585,0.7237
83.636,0.3199,0.9244,0.9827,0.0597,0.8698,0.4585,0.7580
83.683,0.3199,0.9244,1.0088,0.0597,0.8960,0.4585,0.7842
83.730,0.3199,0.0597,0.9222,0.4585,0.8104,0.7032,0.6990
83.777,0.3199,0.0597,0.9488,0.4585,0.8372,0.7032,0.7258
83.832,0.3091,0.0597,0.9792,0.4585,0.8676,0.7032,0.7563
83.873,0.2885,0.0597,1.0022,0.4585,0.8907,0.7032,0.7794
83.920,0.2730,0.4585,0.9172,0.7032,0.8060,0.7796,0.6928
83.965,0.2730,0.4585,0.9426,0.7032,0.8315,0.7796,0.7184
84.012,0.2730,0.4585,0.9686,0.7032,0.8575,0.7796,0.7444
84.073,0.2730,0.4585,1.0031,0.7032,0.8920,0.7796,0.7790
84.120,0.2730,0.7032,0.9183,0.7796,0.8054,0.9714,0.6851
84.168,0.2730,0.7032,0.9456,0.7796,0.8327,0.9714,0.7125
84.214,0.2730,0.7032,0.9713,0.7796,0.8584,0.9714,0.7382
84.260,0.2881,0.7032,0.9974,0.7796,0.8846,0.9714,0.7645
84.308,0.3034,0.7796,0.9112,0.9714,0.7911,0.8590,0.6689
84.354,0.3034,0.7796,0.9374,0.9714,0.8174,0.8590,0.6952
84.401,0.3034,0.7796,0.9641,0.9714,0.8441,0.8590,0.7220
84.448,0.3034,0.7796,0.9902,0.9714,0.8702,0.8590,0.7482
84.510,0.3034,0.9714,0.9053,0.8590,0.7833,0.5474,0.6698
84.557,0.3034,0.9714,0.9319,0.8590,0.8099,0.5474,0.6965
84.604,0.3034,0.9714,0.9585,0.8590,0.8366,0.5474,0.7232
84.667,0.3034,0.9714,0.9939,0.8590,0.8721,0.5474,0.7588
84.729,0.3034,0.8590,0.9074,0.5474,0.7942,0.8339,0.6719
84.792,0.3034,0.8590,0.9427,0.5474,0.8295,0.8339,0.7073
84.838,0.3034,0.8590,0.9691,0.5474,0.8560,0.8339,0.7338
84.886,0.3034,0.8590,0.9959,0.5474,0.8828,0.8339,0.7607
84.948,0.3034,0.5474,0.9180,0.8339,0.7959,0.1005,0.6831
84.995,0.3034,0.5474,0.9444,0.8339,0.8224,0.1005,0.7096
85.056,0.3034,0.5474,0.9794,0.8339,0.8575,0.1005,0.7447
85.103,0.3034,0.5474,1.0060,0.8339,0.8841,0.1005,0.7714
85.150,0.3034,0.8339,0.9106,0.1005,0.7979,0.1584,0.6818
85.198,0.3034,0.8339,0.9381,0.1005,0.8255,0.1584,0.7095
85.245,0.3034,0.8339,0.9645,0.1005,0.8519,0.1584,0.7359
85.306,0.3260,0.8339,0.9993,0.1005,0.8868,0.1584,0.7709
85.353,0.3495,0.1005,0.9136,0.1584,0.7977,0.8712,0.6759
85.399,0.3724,0.1005,0.9396,0.1584,0.8238,0.8712,0.7021
85.447,0.3962,0.1005,0.9667,0.1584,0.8509,0.8712,0.7293
85.493,0.3962,0.1005,0.9930,0.1584,0.8772,0.8712,0.7557
85.540,0.3727,0.1584,0.9040,0.8712,0.7825,0.4029,0.6765
85.587,0.3490,0.1584,0.9311,0.8712,0.8096,0.4029,0.7037
85.634,0.3255,0.1584,0.9578,0.8712,0.8364,0.4029,0.7306
85.681,0.3021,0.1584,0.9845,0.8712,0.8631,0.4029,0.7573
85.728,0.2784,0.1584,1.0114,0.8712,0.8901,0.4029,0.7843
85.775,0.2550,0.8712,0.9168,0.4029,0.8111,0.7046,0.6967
85.822,0.2550,0.8712,0.9437,0.4029,0.8381,0.7046,0.7237
85.885,0.2550,0.8712,0.9792,0.4029,0.8736,0.7046,0.7593
85.932,0.2550,0.8712,1.0063,0.4029,0.9008,0.7046,0.7865
85.979,0.2783,0.4029,0.9274,0.7046,0.8132,0.6061,0.6888
86.041,0.3096,0.4029,0.9632,0.7046,0.8490,0.6061,0.7247
86.088,0.3096,0.4029,0.9900,0.7046,0.8759,0.6061,0.7516
86.135,0.3096,0.4029,1.0168,0.7046,0.9028,0.6061,0.7785
86.181,0.3327,0.7046,0.9293,0.6061,0.8051,0.1356,0.6903
86.244,0.3641,0.7046,0.9652,0.6061,0.8411,0.1356,0.7263
86.292,0.3883,0.7046,0.9930,0.6061,0.8689,0.1356,0.7542
86.339,0.4116,0.6061,0.8956,0.1356,0.7809,0.4152,0.6660
86.386,0.4352,0.6061,0.9226,0.1356,0.8080,0.4152,0.6932
86.433,0.4584,0.6061,0.9493,0.1356,0.8348,0.4152,0.7200
86.480,0.4818,0.6061,0.9762,0.1356,0.8617,0.4152,0.7469
86.527,0.5055,0.6061,1.0034,0.1356,0.8889,0.4152,0.7742
86.589,0.5367,0.1356,0.9248,0.4152,0.8102,0.2766,0.6943
86.635,0.5367,0.1356,0.9510,0.4152,0.8365,0.2766,0.7206
86.698,0.5367,0.1356,0.9872,0.4152,0.8727,0.2766,0.7570
86.740,0.5495,0.1356,1.0112,0.4152,0.8967,0.2766,0.7810
86.776,0.5676,0.4152,0.9176,0.2766,0.8019,0.9116,0.6955
86.822,0.5829,0.4152,0.9444,0.2766,0.8288,0.9116,0.7224
86.869,0.5829,0.4152,0.9709,0.2766,0.8554,0.9116,0.7490
86.916,0.5829,0.4152,0.9983,0.2766,0.8828,0.9116,0.7765
86.963,0.5596,0.2766,0.9096,0.9116,0.8034,0.2473,0.6780
87.024,0.5290,0.2766,0.9449,0.9116,0.8388,0.2473,0.7134
87.070,0.5209,0.2766,0.9715,0.9116,0.8654,0.2473,0.7401
87.132,0.5209,0.2766,1.0072,0.9116,0.9011,0.2473,0.7759
87.166,0.5122,0.9116,0.9207,0.2473,0.7955,0.7027,0.6828
87.211,0.4895,0.9116,0.9469,0.2473,0.8217,0.7027,0.7091
87.258,0.4658,0.9116,0.9743,0.2473,0.8491,0.7027,0.7366
87.304,0.4658,0.9116,1.0007,0.2473,0.8756,0.7027,0.7631
87.351,0.4658,0.2473,0.9030,0.7027,0.7905,0.0949,0.6703
87.398,0.4658,0.2473,0.9300,0.7027,0.8176,0.0949,0.6974
87.445,0.4658,0.2473,0.9571,0.7027,0.8447,0.0949,0.7246
87.491,0.4739,0.2473,0.9840,0.7027,0.8717,0.0949,0.7516
87.553,0.5049,0.7027,0.9076,0.0949,0.7876,0.4268,0.6699
87.616,0.5049,0.7027,0.9441,0.0949,0.8241,0.4268,0.7064
87.679,0.5049,0.7027,0.9807,0.0949,0.8609,0.4268,0.7432
87.727,0.5049,0.7027,1.0081,0.0949,0.8883,0.4268,0.7707
87.773,0.5283,0.0949,0.9155,0.4268,0.7980,0.8646,0.6897
87.820,0.5515,0.0949,0.9424,0.4268,0.8250,0.8646,0.7167
87.881,0.5515,0.0949,0.9777,0.4268,0.8603,0.8646,0.7522
87.927,0.5515,0.0949,1.0049,0.4268,0.8875,0.8646,0.7794
87.974,0.5515,0.4268,0.9146,0.8646,0.8065,0.4700,0.6809
88.036,0.5515,0.4268,0.9508,0.8646,0.8428,0.4700,0.7172
88.083,0.5515,0.4268,0.9782,0.8646,0.8702,0.4700,0.7447
88.130,0.5515,0.4268,1.0056,0.8646,0.8977,0.4700,0.7722
88.177,0.5515,0.8646,0.9252,0.4700,0.7998,0.3045,0.6738
88.224,0.5515,0.8646,0.9522,0.4700,0.8268,0.3045,0.7010
88.271,0.5515,0.8646,0.9795,0.4700,0.8542,0.3045,0.7284
88.318,0.5515,0.8646,1.0070,0.4700,0.8817,0.3045,0.7559
88.364,0.5515,0.4700,0.9085,0.3045,0.7827,0.1031,0.6569
88.411,0.5750,0.4700,0.9359,0.3045,0.8102,0.1031,0.6845
88.470,0.5902,0.4700,0.9705,0.3045,0.8449,0.1031,0.7192
88.504,0.5902,0.4700,0.9908,0.3045,0.8652,0.1031,0.7395
88.551,0.5983,0.4700,1.0178,0.3045,0.8923,0.1031,0.7667
88.597,0.6216,0.3045,0.9196,0.1031,0.7940,0.2568,0.6677
88.644,0.6450,0.3045,0.9471,0.1031,0.8215,0.2568,0.6952
88.691,0.6685,0.3045,0.9746,0.1031,0.8491,0.2568,0.7228
88.753,0.6992,0.3045,1.0104,0.1031,0.8850,0.2568,0.7588
88.815,0.7149,0.1031,0.9216,0.2568,0.7954,0.5869,0.6769
88.861,0.7149,0.1031,0.9488,0.2568,0.8226,0.5869,0.7042
88.909,0.7149,0.1031,0.9765,0.2568,0.8504,0.5869,0.7320
88.956,0.7149,0.1031,1.0044,0.2568,0.8783,0.5869,0.7600
89.019,0.7149,0.2568,0.9152,0.5869,0.7969,0.0580,0.6879
89.065,0.7381,0.2568,0.9425,0.5869,0.8242,0.0580,0.7153
89.114,0.7535,0.2568,0.9711,0.5869,0.8529,0.0580,0.7440
89.173,0.7535,0.2568,1.0055,0.5869,0.8874,0.0580,0.7785
89.237,0.7535,0.5869,0.9250,0.0580,0.8162,0.4992,0.6899
89.283,0.7535,0.5869,0.9525,0.0580,0.8437,0.4992,0.7175
89.346,0.7535,0.5869,0.9892,0.0580,0.8805,0.4992,0.7544
89.408,0.7535,0.0580,0.9171,0.4992,0.7910,0.1310,0.6814
89.470,0.7535,0.0580,0.9537,0.4992,0.8276,0.1310,0.7181
89.532,0.7226,0.0580,0.9901,0.4992,0.8641,0.1310,0.7547
89.574,0.7145,0.0580,1.0150,0.4992,0.8890,0.1310,0.7796
89.612,0.7145,0.4992,0.9112,0.1310,0.8018,0.8707,0.6747
89.658,0.7145,0.4992,0.9388,0.1310,0.8294,0.8707,0.7024
89.719,0.7145,0.4992,0.9743,0.1310,0.8651,0.8707,0.7381
89.766,0.6908,0.4992,1.0022,0.1310,0.8930,0.8707,0.7660
89.813,0.6673,0.1310,0.9208,0.8707,0.7939,0.3717,0.6745
89.860,0.6439,0.1310,0.9485,0.8707,0.8217,0.3717,0.7024
89.923,0.6124,0.1310,0.9857,0.8707,0.8590,0.3717,0.7397
89.970,0.6124,0.1310,1.0138,0.8707,0.8871,0.3717,0.7679
90.016,0.6356,0.8707,0.9145,0.3717,0.7954,0.5861,0.6678
90.063,0.6587,0.8707,0.9420,0.3717,0.8229,0.5861,0.6953
90.125,0.6898,0.8707,0.9787,0.3717,0.8597,0.5861,0.7322
90.171,0.7130,0.8707,1.0063,0.3717,0.8873,0.5861,0.7599
90.233,0.7130,0.3717,0.9238,0.5861,0.7965,0.8944,0.6764
90.279,0.7130,0.3717,0.9514,0.5861,0.8240,0.8944,0.7040
90.327,0.7130,0.3717,0.9795,0.5861,0.8522,0.8944,0.7323
90.373,0.7130,0.3717,1.0072,0.5861,0.8800,0.8944,0.7601
90.420,0.7130,0.5861,0.9078,0.8944,0.7879,0.5962,0.6594
90.466,0.7359,0.5861,0.9349,0.8944,0.8152,0.5962,0.6867
90.514,0.7600,0.5861,0.9637,0.8944,0.8439,0.5962,0.7155
90.576,0.7600,0.5861,1.0004,0.8944,0.8807,0.5962,0.7523
90.623,0.7600,0.8944,0.9085,0.5962,0.7802,0.1842,0.6515
90.669,0.7600,0.8944,0.9360,0.5962,0.8077,0.1842,0.6790
90.716,0.7600,0.8944,0.9641,0.5962,0.8359,0.1842,0.7073
90.762,0.7600,0.8944,0.9915,0.5962,0.8633,0.1842,0.7348
90.823,0.7600,0.5962,0.8997,0.1842,0.7712,0.2219,0.6424
90.885,0.7600,0.5962,0.9368,0.1842,0.8084,0.2219,0.6797
90.932,0.7600,0.5962,0.9647,0.1842,0.8363,0.2219,0.7077
90.979,0.7600,0.5962,0.9929,0.1842,0.8645,0.2219,0.7359
91.026,0.7600,0.1842,0.8926,0.2219,0.7640,0.4575,0.6430
91.073,0.7600,0.1842,0.9208,0.2219,0.7923,0.4575,0.6713
91.134,0.7600,0.1842,0.9573,0.2219,0.8289,0.4575,0.7079
91.197,0.7600,0.1842,0.9945,0.2219,0.8662,0.4575,0.7453
91.258,0.7600,0.2219,0.9029,0.4575,0.7821,0.2196,0.6620
91.305,0.7600,0.2219,0.9311,0.4575,0.8103,0.2196,0.6904
91.351,0.7600,0.2219,0.9587,0.4575,0.8379,0.2196,0.7180
91.397,0.7600,0.2219,0.9862,0.4575,0.8655,0.2196,0.7456
91.446,0.7600,0.2219,1.0152,0.4575,0.8946,0.2196,0.7747
91.492,0.7600,0.4575,0.9223,0.2196,0.8025,0.5108,0.6728
91.539,0.7600,0.4575,0.9506,0.2196,0.8309,0.5108,0.7012
91.586,0.7600,0.4575,0.9785,0.2196,0.8588,0.5108,0.7292
91.632,0.7600,0.4575,1.0062,0.2196,0.8866,0.5108,0.7571
91.693,0.7600,0.2196,0.9237,0.5108,0.7942,0.0805,0.6739
91.740,0.7600,0.2196,0.9513,0.5108,0.8219,0.0805,0.7017
91.787,0.7600,0.2196,0.9796,0.5108,0.8502,0.0805,0.7301
91.834,0.7600,0.2196,1.0082,0.5108,0.8788,0.0805,0.7587
91.896,0.7600,0.5108,0.9160,0.0805,0.7960,0.3640,0.6661
91.944,0.7600,0.5108,0.9448,0.0805,0.8248,0.3640,0.6949
91.990,0.7600,0.5108,0.9727,0.0805,0.8528,0.3640,0.7230
92.037,0.7600,0.5108,1.0009,0.0805,0.8811,0.3640,0.7513
92.084,0.7600,0.0805,0.9093,0.3640,0.7796,0.9498,0.6497
92.146,0.7600,0.0805,0.9465,0.3640,0.8169,0.9498,0.6870
92.192,0.7368,0.0805,0.9745,0.3640,0.8449,0.9498,0.7151
92.238,0.7138,0.0805,1.0023,0.3640,0.8727,0.9498,0.7430
92.286,0.6897,0.3640,0.9018,0.9498,0.7721,0.1648,0.6417
92.333,0.6815,0.3640,0.9302,0.9498,0.8006,0.1648,0.6702
92.380,0.6815,0.3640,0.9584,0.9498,0.8288,0.1648,0.6985
92.427,0.6815,0.3640,0.9869,0.9498,0.8573,0.1648,0.7271
92.474,0.6815,0.3640,1.0151,0.9498,0.8856,0.1648,0.7554
92.521,0.6815,0.9498,0.9141,0.1648,0.7839,0.3838,0.6537
92.567,0.7047,0.9498,0.9421,0.1648,0.8120,0.3838,0.6818
92.629,0.7199,0.9498,0.9797,0.1648,0.8496,0.3838,0.7195
92.691,0.7199,0.9498,1.0168,0.1648,0.8869,0.3838,0.7568
92.738,0.7199,0.1648,0.9154,0.3838,0.7855,0.5445,0.6637
92.785,0.7199,0.1648,0.9439,0.3838,0.8140,0.5445,0.6923
92.832,0.7199,0.1648,0.9722,0.3838,0.8423,0.5445,0.7207
92.877,0.7199,0.1648,1.0001,0.3838,0.8702,0.5445,0.7486
92.926,0.7199,0.3838,0.8996,0.5445,0.7781,0.2274,0.6654
92.972,0.7199,0.3838,0.9278,0.5445,0.8063,0.2274,0.6936
93.035,0.7199,0.3838,0.9658,0.5445,0.8444,0.2274,0.7317
93.082,0.7199,0.3838,0.9944,0.5445,0.8731,0.2274,0.7605
93.129,0.7199,0.5445,0.9015,0.2274,0.7889,0.0397,0.6661
93.190,0.7199,0.5445,0.9385,0.2274,0.8260,0.0397,0.7033
93.238,0.7199,0.5445,0.9678,0.2274,0.8553,0.0397,0.7326
93.285,0.6966,0.5445,0.9962,0.2274,0.8838,0.0397,0.7611
93.332,0.6730,0.2274,0.9125,0.0397,0.7899,0.2277,0.6678
93.390,0.6573,0.2274,0.9478,0.0397,0.8252,0.2277,0.7032
93.427,0.6573,0.2274,0.9704,0.0397,0.8479,0.2277,0.7259
93.489,0.6573,0.2274,1.0084,0.0397,0.8860,0.2277,0.7641
93.536,0.6573,0.0397,0.9147,0.2277,0.7928,0.8399,0.6603
93.599,0.6573,0.0397,0.9530,0.2277,0.8312,0.8399,0.6988
93.646,0.6573,0.0397,0.9819,0.2277,0.8602,0.8399,0.7278
93.692,0.6573,0.0397,1.0097,0.2277,0.8880,0.8399,0.7557
93.739,0.6573,0.2277,0.9167,0.8399,0.7844,0.4173,0.6617
93.800,0.6573,0.2277,0.9541,0.8399,0.8219,0.4173,0.6993
93.846,0.6573,0.2277,0.9825,0.8399,0.8503,0.4173,0.7277
93.908,0.6573,0.8399,0.8878,0.4173,0.7654,0.3983,0.6424
93.969,0.6573,0.8399,0.9253,0.4173,0.8029,0.3983,0.6800
94.016,0.6573,0.8399,0.9541,0.4173,0.8317,0.3983,0.7088
94.078,0.6573,0.8399,0.9921,0.4173,0.8698,0.3983,0.7470
94.138,0.6436,0.4173,0.9064,0.3983,0.7836,0.6629,0.6499
94.172,0.6263,0.4173,0.9276,0.3983,0.8049,0.6629,0.6712
94.218,0.6182,0.4173,0.9556,0.3983,0.8329,0.6629,0.6993
94.281,0.6182,0.4173,0.9941,0.3983,0.8715,0.6629,0.7380
94.329,0.6421,0.3983,0.9009,0.6629,0.7674,0.2396,0.6364
94.375,0.6653,0.3983,0.9294,0.6629,0.7959,0.2396,0.6650
94.438,0.6968,0.3983,0.9681,0.6629,0.8347,0.2396,0.7038
94.485,0.7201,0.3983,0.9967,0.6629,0.8633,0.2396,0.7326
94.532,0.7437,0.6629,0.8923,0.2396,0.7616,0.3466,0.6440
94.578,0.7668,0.6629,0.9209,0.2396,0.7902,0.3466,0.6726
94.625,0.7903,0.6629,0.9498,0.2396,0.8191,0.3466,0.7016
94.672,0.7903,0.6629,0.9789,0.2396,0.8483,0.3466,0.7308
94.719,0.7903,0.6629,1.0077,0.2396,0.8772,0.3466,0.7598
94.782,0.7670,0.2396,0.9160,0.3466,0.7987,0.0949,0.6656
94.829,0.7436,0.2396,0.9448,0.3466,0.8275,0.0949,0.6945
94.878,0.7273,0.2396,0.9749,0.3466,0.8576,0.0949,0.7246
94.924,0.7273,0.2396,1.0034,0.3466,0.8862,0.0949,0.7532
94.970,0.7273,0.3466,0.9148,0.0949,0.7819,0.4165,0.6586
95.033,0.7273,0.3466,0.9535,0.0949,0.8206,0.4165,0.6975
95.095,0.6963,0.3466,0.9917,0.0949,0.8589,0.4165,0.7358
95.142,0.6729,0.0949,0.8878,0.4165,0.7648,0.9719,0.6311
95.188,0.6495,0.0949,0.9169,0.4165,0.7939,0.9719,0.6602
95.235,0.6262,0.0949,0.9456,0.4165,0.8227,0.9719,0.6891
95.296,0.6262,0.0949,0.9833,0.4165,0.8605,0.9719,0.7269
95.359,0.6029,0.4165,0.8993,0.9719,0.7659,0.5763,0.6513
95.405,0.5797,0.4165,0.9282,0.9719,0.7948,0.5763,0.6802
95.450,0.5716,0.4165,0.9559,0.9719,0.8225,0.5763,0.7080
95.513,0.5716,0.4165,0.9949,0.9719,0.8616,0.5763,0.7472
95.559,0.5484,0.9719,0.8904,0.5763,0.7760,0.7862,0.6504
95.606,0.5251,0.9719,0.9194,0.5763,0.8050,0.7862,0.6795
95.668,0.4942,0.9719,0.9577,0.5763,0.8434,0.7862,0.7180
95.731,0.4628,0.9719,0.9966,0.5763,0.8824,0.7862,0.7570
95.778,0.4391,0.5763,0.9119,0.7862,0.7865,0.9742,0.6606
95.824,0.4161,0.5763,0.9404,0.7862,0.8151,0.9742,0.6892
95.880,0.4007,0.5763,0.9752,0.7862,0.8500,0.9742,0.7241
95.916,0.4007,0.5763,0.9978,0.7862,0.8726,0.9742,0.7468
95.978,0.4007,0.7862,0.9111,0.9742,0.7853,0.7456,0.6498
96.039,0.4007,0.7862,0.9493,0.9742,0.8236,0.7456,0.6881
96.101,0.4007,0.7862,0.9876,0.9742,0.8619,0.7456,0.7265
96.148,0.4088,0.7862,1.0166,0.9742,0.8911,0.7456,0.7557
96.194,0.4320,0.9742,0.9200,0.7456,0.7846,0.7975,0.6589
96.254,0.4320,0.9742,0.9575,0.7456,0.8222,0.7975,0.6965
96.301,0.4320,0.9742,0.9868,0.7456,0.8516,0.7975,0.7259
96.348,0.4320,0.9742,1.0162,0.7456,0.8810,0.7975,0.7554
96.396,0.4320,0.7456,0.9110,0.7975,0.7854,0.6410,0.6506
96.442,0.4320,0.7456,0.9397,0.7975,0.8142,0.6410,0.6794
96.505,0.4320,0.7456,0.9787,0.7975,0.8533,0.6410,0.7186
96.552,0.4320,0.7456,1.0083,0.7975,0.8830,0.6410,0.7483
96.598,0.4320,0.7975,0.9116,0.6410,0.7770,0.6233,0.6521
96.647,0.4159,0.7975,0.9422,0.6410,0.8076,0.6233,0.6827
96.692,0.3931,0.7975,0.9707,0.6410,0.8362,0.6233,0.7113
96.739,0.3699,0.7975,0.9997,0.6410,0.8652,0.6233,0.7404
96.786,0.3463,0.6410,0.8948,0.6233,0.7700,0.3930,0.6448
96.832,0.3232,0.6410,0.9238,0.6233,0.7991,0.3930,0.6739
96.879,0.2998,0.6410,0.9532,0.6233,0.8285,0.3930,0.7034
96.926,0.2761,0.6410,0.9828,0.6233,0.8582,0.3930,0.7331
96.974,0.2521,0.6410,1.0129,0.6233,0.8883,0.3930,0.7633
97.020,0.2440,0.6233,0.9169,0.3930,0.7920,0.8769,0.6572
97.053,0.2440,0.6233,0.9379,0.3930,0.8129,0.8769,0.6782
97.115,0.2440,0.6233,0.9765,0.3930,0.8516,0.8769,0.7169
97.162,0.2440,0.6233,1.0064,0.3930,0.8816,0.8769,0.7470
97.209,0.2440,0.3930,0.9111,0.8769,0.7766,0.0385,0.6321
97.256,0.2675,0.3930,0.9406,0.8769,0.8062,0.0385,0.6617
97.303,0.2909,0.3930,0.9701,0.8769,0.8357,0.0385,0.6913
97.350,0.3142,0.3930,0.9994,0.8769,0.8650,0.0385,0.7207
97.396,0.3374,0.8769,0.8942,0.0385,0.7500,0.3217,0.6237
97.458,0.3684,0.8769,0.9333,0.0385,0.7891,0.3217,0.6629
97.505,0.3919,0.8769,0.9629,0.0385,0.8187,0.3217,0.6925
97.551,0.4149,0.8769,0.9919,0.0385,0.8478,0.3217,0.7216
97.613,0.4461,0.0385,0.8871,0.3217,0.7610,0.5163,0.6427
97.661,0.4698,0.0385,0.9171,0.3217,0.7910,0.5163,0.6727
97.708,0.4936,0.0385,0.9471,0.3217,0.8211,0.5163,0.7028
97.753,0.5160,0.0385,0.9753,0.3217,0.8494,0.5163,0.7312
97.801,0.5397,0.0385,1.0053,0.3217,0.8794,0.5163,0.7613
97.847,0.5630,0.3217,0.9088,0.5163,0.7907,0.3981,0.6542
97.894,0.5861,0.3217,0.9380,0.5163,0.8200,0.3981,0.6836
97.955,0.6170,0.3217,0.9770,0.5163,0.8591,0.3981,0.7227
98.002,0.6405,0.3217,1.0068,0.5163,0.8888,0.3981,0.7526
98.042,0.6486,0.5163,0.9137,0.3981,0.7775,0.5619,0.6489
98.081,0.6486,0.5163,0.9385,0.3981,0.8023,0.5619,0.6738
98.142,0.6486,0.5163,0.9773,0.3981,0.8412,0.5619,0.7127
98.189,0.6486,0.5163,1.0070,0.3981,0.8709,0.5619,0.7424
98.251,0.6486,0.3981,0.9101,0.5619,0.7817,0.7254,0.6439
98.298,0.6486,0.3981,0.9399,0.5619,0.8116,0.7254,0.6737
98.359,0.6486,0.3981,0.9790,0.5619,0.8507,0.7254,0.7130
98.408,0.6486,0.3981,1.0098,0.5619,0.8816,0.7254,0.7439
98.454,0.6486,0.5619,0.9106,0.7254,0.7729,0.9358,0.6352
98.501,0.6486,0.5619,0.9408,0.7254,0.8032,0.9358,0.6656
98.562,0.6486,0.5619,0.9795,0.7254,0.8420,0.9358,0.7044
98.609,0.6252,0.5619,1.0092,0.7254,0.8717,0.9358,0.7342
98.672,0.5935,0.7254,0.9121,0.9358,0.7747,0.6910,0.6469
98.734,0.5629,0.7254,0.9510,0.9358,0.8136,0.6910,0.6859
98.781,0.5394,0.7254,0.9809,0.9358,0.8436,0.6910,0.7159
98.828,0.5158,0.7254,1.0109,0.9358,0.8736,0.6910,0.7460
98.874,0.4927,0.9358,0.9031,0.6910,0.7756,0.5635,0.6377
98.914,0.4846,0.9358,0.9283,0.6910,0.8008,0.5635,0.6630
98.968,0.4846,0.9358,0.9629,0.6910,0.8355,0.5635,0.6977
99.014,0.4846,0.9358,0.9924,0.6910,0.8650,0.5635,0.7273
99.060,0.4846,0.6910,0.8944,0.5635,0.7568,0.8542,0.6336
99.107,0.4614,0.6910,0.9240,0.5635,0.7864,0.8542,0.6632
99.153,0.4380,0.6910,0.9538,0.5635,0.8163,0.8542,0.6931
99.201,0.4144,0.6910,0.9840,0.5635,0.8465,0.8542,0.7234
99.262,0.3837,0.5635,0.8858,0.8542,0.7627,0.8820,0.6298
99.308,0.3837,0.5635,0.9155,0.8542,0.7925,0.8820,0.6596
99.356,0.3837,0.5635,0.9456,0.8542,0.8226,0.8820,0.6898
99.404,0.3999,0.5635,0.9766,0.8542,0.8537,0.8820,0.7209
99.464,0.4299,0.5635,1.0150,0.8542,0.8922,0.8820,0.7595
99.512,0.4536,0.8542,0.9226,0.8820,0.7899,0.4056,0.6609
99.558,0.4768,0.8542,0.9523,0.8820,0.8196,0.4056,0.6907
99.604,0.4999,0.8542,0.9818,0.8820,0.8492,0.4056,0.7203
99.666,0.5309,0.8820,0.8890,0.4056,0.7602,0.0789,0.6207
99.715,0.5552,0.8820,0.9201,0.4056,0.7913,0.0789,0.6519
99.761,0.5785,0.8820,0.9501,0.4056,0.8214,0.0789,0.6820
99.808,0.6017,0.8820,0.9797,0.4056,0.8511,0.0789,0.7118
99.854,0.6248,0.8820,1.0095,0.4056,0.8809,0.0789,0.7416
99.916,0.6402,0.4056,0.9205,0.0789,0.7814,0.2810,0.6423
99.979,0.6402,0.4056,0.9609,0.0789,0.8218,0.2810,0.6828
100.028,0.6402,0.4056,0.9923,0.0789,0.8533,0.2810,0.7143
100.090,0.6402,0.0789,0.8933,0.2810,0.7544,0.4068,0.6160
100.136,0.6402,0.0789,0.9231,0.2810,0.7843,0.4068,0.6459
100.200,0.6402,0.0789,0.9640,0.2810,0.8253,0.4068,0.6870
100.262,0.6402,0.0789,1.0043,0.2810,0.8656,0.4068,0.7274
100.309,0.6402,0.2810,0.8956,0.4068,0.7575,0.9656,0.6281
100.371,0.6552,0.2810,0.9358,0.4068,0.7977,0.9656,0.6684
100.418,0.6786,0.2810,0.9661,0.4068,0.8280,0.9656,0.6988
100.464,0.6786,0.2810,0.9959,0.4068,0.8579,0.9656,0.7287
100.511,0.6786,0.4068,0.8880,0.9656,0.7588,0.5377,0.6285
100.559,0.6786,0.4068,0.9189,0.9656,0.7898,0.5377,0.6595
100.621,0.6786,0.4068,0.9588,0.9656,0.8298,0.5377,0.6995
100.683,0.6786,0.4068,0.9990,0.9656,0.8700,0.5377,0.7398
100.730,0.6786,0.9656,0.9007,0.5377,0.7706,0.1714,0.6402
100.791,0.6786,0.9656,0.9397,0.5377,0.8096,0.1714,0.6793
100.853,0.6786,0.9656,0.9801,0.5377,0.8501,0.1714,0.7199
100.915,0.6786,0.5377,0.8904,0.1714,0.7603,0.9284,0.6203
100.963,0.6786,0.5377,0.9210,0.1714,0.7908,0.9284,0.6509
101.024,0.6786,0.5377,0.9610,0.1714,0.8309,0.9284,0.6910
101.087,0.6634,0.5377,1.0012,0.1714,0.8713,0.9284,0.7315
101.133,0.6402,0.1714,0.9014,0.9284,0.7617,0.1733,0.6301
101.180,0.6321,0.1714,0.9316,0.9284,0.7918,0.1733,0.6603
101.227,0.6321,0.1714,0.9621,0.9284,0.8224,0.1733,0.6909
101.288,0.6321,0.1714,1.0019,0.9284,0.8623,0.1733,0.7308
101.334,0.6321,0.9284,0.8925,0.1733,0.7611,0.8185,0.6287
101.381,0.6321,0.9284,0.9228,0.1733,0.7915,0.8185,0.6591
101.428,0.6087,0.9284,0.9533,0.1733,0.8220,0.8185,0.6897
101.475,0.5853,0.9284,0.9836,0.1733,0.8523,0.8185,0.7201
101.522,0.5853,0.9284,1.0145,0.1733,0.8832,0.8185,0.7510
101.570,0.5853,0.1733,0.9141,0.8185,0.7820,0.1916,0.6412
101.616,0.5772,0.1733,0.9443,0.8185,0.8122,0.1916,0.6715
101.663,0.5539,0.1733,0.9747,0.8185,0.8426,0.1916,0.7019
101.708,0.5539,0.1733,1.0040,0.8185,0.8720,0.1916,0.7314
101.754,0.5539,0.8185,0.9025,0.1916,0.7619,0.7578,0.6309
101.818,0.5539,0.8185,0.9437,0.1916,0.8032,0.7578,0.6723
101.865,0.5539,0.8185,0.9742,0.1916,0.8338,0.7578,0.7029
101.926,0.5383,0.8185,1.0141,0.1916,0.8737,0.7578,0.7429
101.989,0.5383,0.1916,0.9149,0.7578,0.7841,0.6593,0.6533
102.051,0.5227,0.1916,0.9555,0.7578,0.8248,0.6593,0.6940
102.098,0.4993,0.1916,0.9860,0.7578,0.8554,0.6593,0.7247
102.145,0.4993,0.1916,1.0168,0.7578,0.8862,0.6593,0.7556
102.207,0.4843,0.7578,0.9270,0.6593,0.7964,0.4271,0.6554
102.254,0.4608,0.7578,0.9577,0.6593,0.8272,0.4271,0.6862
102.301,0.4375,0.7578,0.9882,0.6593,0.8578,0.4271,0.7168
102.348,0.4139,0.6593,0.8886,0.4271,0.7477,0.6215,0.6165
102.410,0.3828,0.6593,0.9294,0.4271,0.7886,0.6215,0.6574
102.458,0.3590,0.6593,0.9605,0.4271,0.8198,0.6215,0.6886
102.505,0.3357,0.6593,0.9911,0.4271,0.8504,0.6215,0.7193
102.552,0.3118,0.4271,0.8817,0.6215,0.7507,0.6456,0.6278
102.600,0.2881,0.4271,0.9128,0.6215,0.7818,0.6456,0.6590
102.661,0.2574,0.4271,0.9531,0.6215,0.8222,0.6456,0.6995
102.723,0.2264,0.4271,0.9937,0.6215,0.8628,0.6456,0.7402
102.785,0.1954,0.6215,0.9036,0.6456,0.7810,0.4465,0.6393
102.832,0.1873,0.6215,0.9341,0.6456,0.8116,0.4465,0.6699
102.894,0.1873,0.6215,0.9751,0.6456,0.8526,0.4465,0.7111
102.941,0.1873,0.6215,1.0062,0.6456,0.8837,0.4465,0.7422
102.989,0.1873,0.6456,0.9152,0.4465,0.7737,0.3556,0.6415
103.036,0.1873,0.6456,0.9463,0.4465,0.8049,0.3556,0.6727
103.084,0.1873,0.6456,0.9775,0.4465,0.8362,0.3556,0.7041
103.131,0.1873,0.6456,1.0084,0.4465,0.8671,0.3556,0.7350
103.192,0.1873,0.4465,0.9074,0.3556,0.7754,0.0331,0.6321
103.254,0.1873,0.4465,0.9483,0.3556,0.8163,0.0331,0.6732
103.300,0.1644,0.4465,0.9785,0.3556,0.8466,0.0331,0.7035
103.347,0.1409,0.4465,1.0094,0.3556,0.8775,0.0331,0.7344
103.394,0.1409,0.3556,0.9087,0.0331,0.7657,0.4270,0.6325
103.456,0.1409,0.3556,0.9497,0.0331,0.8067,0.4270,0.6736
103.519,0.1409,0.3556,0.9915,0.0331,0.8486,0.4270,0.7155
103.566,0.1643,0.0331,0.8795,0.4270,0.7465,0.4144,0.6016
103.606,0.1725,0.0331,0.9057,0.4270,0.7727,0.4144,0.6279
103.645,0.1725,0.0331,0.9315,0.4270,0.7985,0.4144,0.6537
103.708,0.1725,0.0331,0.9733,0.4270,0.8404,0.4144,0.6957
103.769,0.1725,0.0331,1.0138,0.4270,0.8811,0.4144,0.7364
103.832,0.1725,0.4270,0.9227,0.4144,0.7781,0.6213,0.6459
103.894,0.1725,0.4270,0.9638,0.4144,0.8192,0.6213,0.6871
103.941,0.1725,0.4270,0.9950,0.4144,0.8505,0.6213,0.7184
104.003,0.1725,0.4144,0.8915,0.6213,0.7595,0.3454,0.6136
104.050,0.1725,0.4144,0.9227,0.6213,0.7907,0.3454,0.6449
104.111,0.1725,0.4144,0.9633,0.6213,0.8314,0.3454,0.6857
104.158,0.1725,0.4144,0.9944,0.6213,0.8625,0.3454,0.7169
104.221,0.1725,0.6213,0.9040,0.3454,0.7584,0.5408,0.6148
104.284,0.1570,0.6213,0.9458,0.3454,0.8003,0.5408,0.6568
104.331,0.1334,0.6213,0.9771,0.3454,0.8317,0.5408,0.6882
104.378,0.1334,0.6213,1.0085,0.3454,0.8631,0.5408,0.7197
104.425,0.1334,0.3454,0.8943,0.5408,0.7509,0.2866,0.6064
104.488,0.1334,0.3454,0.9360,0.5408,0.7927,0.2866,0.6483
104.532,0.1195,0.3454,0.9654,0.5408,0.8221,0.2866,0.6777
104.566,0.1023,0.3454,0.9882,0.5408,0.8449,0.2866,0.7006
104.628,0.0713,0.5408,0.8862,0.2866,0.7419,0.5739,0.5965
104.674,0.0713,0.5408,0.9171,0.2866,0.7729,0.5739,0.6275
104.722,0.0713,0.5408,0.9489,0.2866,0.8047,0.5739,0.6594
104.784,0.0713,0.5408,0.9903,0.2866,0.8462,0.5739,0.7009
104.832,0.0713,0.2866,0.8779,0.5739,0.7327,0.8913,0.5982
104.878,0.0713,0.2866,0.9087,0.5739,0.7635,0.8913,0.6291
104.940,0.0713,0.2866,0.9506,0.5739,0.8055,0.8913,0.6711
104.988,0.0713,0.2866,0.9822,0.5739,0.8371,0.8913,0.7028
105.034,0.0713,0.2866,1.0130,0.5739,0.8680,0.8913,0.7337
105.096,0.0713,0.5739,0.9093,0.8913,0.7751,0.5972,0.6307
105.143,0.0950,0.5739,0.9409,0.8913,0.8068,0.5972,0.6624
105.203,0.1251,0.5739,0.9812,0.8913,0.8472,0.5972,0.7028
105.250,0.1251,0.5739,1.0124,0.8913,0.8784,0.5972,0.7341
105.296,0.1251,0.8913,0.9094,0.5972,0.7652,0.4389,0.6299
105.357,0.1251,0.8913,0.9502,0.5972,0.8060,0.4389,0.6708
105.404,0.1251,0.8913,0.9818,0.5972,0.8377,0.4389,0.7025
105.450,0.1482,0.8913,1.0126,0.5972,0.8686,0.4389,0.7334
105.497,0.1716,0.5972,0.9001,0.4389,0.7650,0.4491,0.6188
105.543,0.1716,0.5972,0.9306,0.4389,0.7956,0.4491,0.6494
105.590,0.1716,0.5972,0.9621,0.4389,0.8271,0.4491,0.6810
105.651,0.2022,0.5972,1.0031,0.4389,0.8682,0.4491,0.7222
105.698,0.2022,0.4389,0.8995,0.4491,0.7535,0.1402,0.6170
105.745,0.2022,0.4389,0.9312,0.4491,0.7852,0.1402,0.6487
105.791,0.2022,0.4389,0.9622,0.4491,0.8163,0.1402,0.6798
105.838,0.2022,0.4389,0.9936,0.4491,0.8478,0.1402,0.7113
105.900,0.2176,0.4491,0.8895,0.1402,0.7531,0.7912,0.6077
105.947,0.2411,0.4491,0.9211,0.1402,0.7848,0.7912,0.6394
105.994,0.2411,0.4491,0.9529,0.1402,0.8166,0.7912,0.6712
106.052,0.2548,0.4491,0.9917,0.1402,0.8555,0.7912,0.7102
106.087,0.2726,0.4491,1.0157,0.1402,0.8795,0.7912,0.7343
106.148,0.2726,0.1402,0.9205,0.7912,0.7753,0.8065,0.6408
106.196,0.2726,0.1402,0.9526,0.7912,0.8074,0.8065,0.6729
106.242,0.2726,0.1402,0.9838,0.7912,0.8387,0.8065,0.7043
106.289,0.2726,0.1402,1.0156,0.7912,0.8706,0.8065,0.7362
106.352,0.2726,0.7912,0.9131,0.8065,0.7788,0.5898,0.6339
106.413,0.2726,0.7912,0.9541,0.8065,0.8199,0.5898,0.6751
106.460,0.2726,0.7912,0.9861,0.8065,0.8519,0.5898,0.7072
106.508,0.2726,0.7912,1.0183,0.8065,0.8841,0.5898,0.7395
106.556,0.2726,0.8065,0.9163,0.5898,0.7717,0.5464,0.6362
106.602,0.2726,0.8065,0.9477,0.5898,0.8032,0.5464,0.6677
106.649,0.2726,0.8065,0.9797,0.5898,0.8352,0.5464,0.6998
106.712,0.2726,0.5898,0.8776,0.5464,0.7422,0.7429,0.5959
106.758,0.2496,0.5898,0.9088,0.5464,0.7735,0.7429,0.6271
106.806,0.2258,0.5898,0.9410,0.5464,0.8057,0.7429,0.6594
106.840,0.2176,0.5898,0.9639,0.5464,0.8287,0.7429,0.6825
106.884,0.2176,0.5898,0.9942,0.5464,0.8590,0.7429,0.7128
106.931,0.2176,0.5464,0.8908,0.7429,0.7447,0.4031,0.5982
106.978,0.2176,0.5464,0.9225,0.7429,0.7764,0.4031,0.6300
107.042,0.2176,0.5464,0.9660,0.7429,0.8200,0.4031,0.6736
107.105,0.2176,0.5464,1.0087,0.7429,0.8628,0.4031,0.7165
107.154,0.2095,0.7429,0.8959,0.4031,0.7497,0.0339,0.6025
107.201,0.1858,0.7429,0.9282,0.4031,0.7820,0.0339,0.6349
107.250,0.1697,0.7429,0.9611,0.4031,0.8150,0.0339,0.6679
107.295,0.1697,0.7429,0.9920,0.4031,0.8459,0.0339,0.6988
107.342,0.1697,0.4031,0.8775,0.0339,0.7305,0.7287,0.5938
107.388,0.1697,0.4031,0.9089,0.0339,0.7619,0.7287,0.6253
107.434,0.1697,0.4031,0.9402,0.0339,0.7933,0.7287,0.6567
107.481,0.1697,0.4031,0.9724,0.0339,0.8255,0.7287,0.6890
107.532,0.1796,0.4031,1.0067,0.0339,0.8599,0.7287,0.7234
107.574,0.2008,0.0339,0.8888,0.7287,0.7524,0.1372,0.6132
107.620,0.2159,0.0339,0.9204,0.7287,0.7840,0.1372,0.6448
107.668,0.2159,0.0339,0.9528,0.7287,0.8164,0.1372,0.6773
107.715,0.2159,0.0339,0.9851,0.7287,0.8488,0.1372,0.7097
107.762,0.2159,0.0339,1.0168,0.7287,0.8806,0.1372,0.7416
107.824,0.2159,0.7287,0.9229,0.1372,0.7839,0.9321,0.6355
107.860,0.2257,0.7287,0.9473,0.1372,0.8084,0.9321,0.6600
107.901,0.2465,0.7287,0.9757,0.1372,0.8369,0.9321,0.6885
107.963,0.2617,0.7287,1.0176,0.1372,0.8788,0.9321,0.7305
108.025,0.2617,0.1372,0.9215,0.9321,0.7733,0.9185,0.6331
108.074,0.2617,0.1372,0.9548,0.9321,0.8066,0.9185,0.6665
108.136,0.2617,0.1372,0.9972,0.9321,0.8491,0.9185,0.7091
108.182,0.2617,0.9321,0.8809,0.9185,0.7409,0.6326,0.5904
108.230,0.2856,0.9321,0.9137,0.9185,0.7737,0.6326,0.6233
108.277,0.3091,0.9321,0.9458,0.9185,0.8059,0.6326,0.6555
108.324,0.3242,0.9321,0.9776,0.9185,0.8378,0.6326,0.6875
108.384,0.3242,0.9185,0.8794,0.6326,0.7291,0.1286,0.5812
108.432,0.3242,0.9185,0.9118,0.6326,0.7616,0.1286,0.6138
108.478,0.3242,0.9185,0.9437,0.6326,0.7936,0.1286,0.6458
108.540,0.3242,0.9185,0.9860,0.6326,0.8359,0.1286,0.6882
108.587,0.3242,0.9185,1.0182,0.6326,0.8681,0.1286,0.7205
108.634,0.3242,0.6326,0.9008,0.1286,0.7532,0.0428,0.6142
108.681,0.3242,0.6326,0.9329,0.1286,0.7854,0.0428,0.6465
108.728,0.3242,0.6326,0.9649,0.1286,0.8173,0.0428,0.6785
108.788,0.3242,0.6326,1.0065,0.1286,0.8591,0.0428,0.7203
108.851,0.3242,0.1286,0.9020,0.0428,0.7633,0.2429,0.6152
108.898,0.3480,0.1286,0.9346,0.0428,0.7960,0.2429,0.6480
108.944,0.3711,0.1286,0.9664,0.0428,0.8278,0.2429,0.6799
108.991,0.3711,0.1286,0.9987,0.0428,0.8602,0.2429,0.7123
109.046,0.3830,0.0428,0.8976,0.2429,0.7497,0.3379,0.5986
109.100,0.4101,0.0428,0.9349,0.2429,0.7871,0.3379,0.6360
109.147,0.4336,0.0428,0.9673,0.2429,0.8196,0.3379,0.6686
109.194,0.4418,0.0428,0.9995,0.2429,0.8518,0.3379,0.7009
109.255,0.4418,0.2429,0.8944,0.3379,0.7435,0.8206,0.6051
109.298,0.4499,0.2429,0.9236,0.3379,0.7728,0.8206,0.6345
109.334,0.4499,0.2429,0.9485,0.3379,0.7977,0.8206,0.6594
109.381,0.4579,0.2429,0.9808,0.3379,0.8301,0.8206,0.6919
109.442,0.4883,0.3379,0.8721,0.8206,0.7339,0.9509,0.5849
109.489,0.4883,0.3379,0.9045,0.8206,0.7664,0.9509,0.6174
109.535,0.4883,0.3379,0.9370,0.8206,0.7989,0.9509,0.6499
109.582,0.4883,0.3379,0.9691,0.8206,0.8310,0.9509,0.6821
109.644,0.4883,0.3379,1.0120,0.8206,0.8740,0.9509,0.7251
109.708,0.4883,0.8206,0.9180,0.9509,0.7692,0.8805,0.6404
109.755,0.4883,0.8206,0.9505,0.9509,0.8018,0.8805,0.6730
109.802,0.4883,0.8206,0.9830,0.9509,0.8343,0.8805,0.7056
109.863,0.4883,0.9509,0.8768,0.8805,0.7482,0.3143,0.6049
109.909,0.4883,0.9509,0.9087,0.8805,0.7802,0.3143,0.6369
109.956,0.4883,0.9509,0.9410,0.8805,0.8125,0.3143,0.6692
110.017,0.4883,0.9509,0.9833,0.8805,0.8548,0.3143,0.7117
110.063,0.4883,0.9509,1.0157,0.8805,0.8872,0.3143,0.7441
110.126,0.4883,0.8805,0.9306,0.3143,0.7876,0.6247,0.6511
110.187,0.4883,0.8805,0.9731,0.3143,0.8301,0.6247,0.6937
110.234,0.4883,0.8805,1.0055,0.3143,0.8625,0.6247,0.7262
110.281,0.4883,0.3143,0.8955,0.6247,0.7592,0.4924,0.6088
110.328,0.4883,0.3143,0.9278,0.6247,0.7916,0.4924,0.6412
110.389,0.4883,0.3143,0.9706,0.6247,0.8344,0.4924,0.6841
110.436,0.4651,0.3143,1.0029,0.6247,0.8668,0.4924,0.7165
110.499,0.4335,0.6247,0.9107,0.4924,0.7605,0.5349,0.6213
110.545,0.4106,0.6247,0.9426,0.4924,0.7925,0.5349,0.6533
110.608,0.3790,0.6247,0.9866,0.4924,0.8366,0.5349,0.6974
110.655,0.3634,0.4924,0.8697,0.5349,0.7306,0.8268,0.5782
110.701,0.3634,0.4924,0.9017,0.5349,0.7627,0.8268,0.6104
110.748,0.3634,0.4924,0.9343,0.5349,0.7953,0.8268,0.6431
110.795,0.3634,0.4924,0.9671,0.5349,0.8281,0.8268,0.6759
110.842,0.3634,0.4924,0.9997,0.5349,0.8608,0.8268,0.7086
110.889,0.3634,0.5349,0.8936,0.8268,0.7415,0.5073,0.5920
110.951,0.3634,0.5349,0.9371,0.8268,0.7850,0.5073,0.6357
111.013,0.3634,0.5349,0.9803,0.8268,0.8284,0.5073,0.6791
111.075,0.3634,0.8268,0.8717,0.5073,0.7225,0.1193,0.5713
111.122,0.3634,0.8268,0.9044,0.5073,0.7552,0.1193,0.6041
111.185,0.3634,0.8268,0.9484,0.5073,0.7993,0.1193,0.6482
111.232,0.3634,0.8268,0.9814,0.5073,0.8324,0.1193,0.6814
111.278,0.3634,0.8268,1.0137,0.5073,0.8646,0.1193,0.7137
111.340,0.3634,0.5073,0.9080,0.1193,0.7571,0.7202,0.6165
111.388,0.3634,0.5073,0.9415,0.1193,0.7906,0.7202,0.6500
111.435,0.3634,0.5073,0.9744,0.1193,0.8236,0.7202,0.6831
111.498,0.3634,0.5073,1.0184,0.1193,0.8677,0.7202,0.7272
111.536,0.3745,0.1193,0.8946,0.7202,0.7542,0.3023,0.6008
111.592,0.4023,0.1193,0.9336,0.7202,0.7932,0.3023,0.6399
111.639,0.4258,0.1193,0.9665,0.7202,0.8262,0.3023,0.6730
111.685,0.4258,0.1193,0.9991,0.7202,0.8588,0.3023,0.7056
111.732,0.4258,0.7202,0.8916,0.3023,0.7384,0.7425,0.5966
111.793,0.4563,0.7202,0.9344,0.3023,0.7813,0.7425,0.6395
111.828,0.4644,0.7202,0.9589,0.3023,0.8058,0.7425,0.6641
111.887,0.4644,0.7202,1.0003,0.3023,0.8473,0.7425,0.7056
111.933,0.4644,0.3023,0.8803,0.7425,0.7387,0.8031,0.5867
111.980,0.4644,0.3023,0.9131,0.7425,0.7715,0.8031,0.6196
112.027,0.4644,0.3023,0.9462,0.7425,0.8047,0.8031,0.6529
112.073,0.4644,0.3023,0.9785,0.7425,0.8370,0.8031,0.6852
112.135,0.4644,0.7425,0.8804,0.8031,0.7287,0.1619,0.5865
112.198,0.4644,0.7425,0.9248,0.8031,0.7732,0.1619,0.6310
112.245,0.4644,0.7425,0.9583,0.8031,0.8067,0.1619,0.6646
112.308,0.4644,0.7425,1.0024,0.8031,0.8509,0.1619,0.7088
112.369,0.4644,0.8031,0.8941,0.1619,0.7521,0.9286,0.5978
112.416,0.4644,0.8031,0.9270,0.1619,0.7850,0.9286,0.6308
112.476,0.4948,0.8031,0.9698,0.1619,0.8279,0.9286,0.6737
112.524,0.4948,0.8031,1.0030,0.1619,0.8612,0.9286,0.7071
112.571,0.4948,0.1619,0.8944,0.9286,0.7404,0.2093,0.5971
112.631,0.4948,0.1619,0.9372,0.9286,0.7832,0.2093,0.6400
112.678,0.4948,0.1619,0.9704,0.9286,0.8165,0.2093,0.6733
112.724,0.4948,0.1619,1.0030,0.9286,0.8491,0.2093,0.7060
112.771,0.4794,0.9286,0.8822,0.2093,0.7392,0.8311,0.5873
112.819,0.4556,0.9286,0.9159,0.2093,0.7730,0.8311,0.6211
112.870,0.4406,0.9286,0.9521,0.2093,0.8092,0.8311,0.6574
112.925,0.4406,0.9286,0.9910,0.2093,0.8482,0.8311,0.6964
112.972,0.4325,0.2093,0.8819,0.8311,0.7302,0.6291,0.5989
113.019,0.4094,0.2093,0.9145,0.8311,0.7629,0.6291,0.6317
113.064,0.3865,0.2093,0.9470,0.8311,0.7954,0.6291,0.6642
113.126,0.3865,0.2093,0.9905,0.8311,0.8390,0.6291,0.7078
113.173,0.3865,0.8311,0.8725,0.6291,0.7414,0.2213,0.5969
113.219,0.3865,0.8311,0.9055,0.6291,0.7745,0.2213,0.6300
113.267,0.4103,0.8311,0.9392,0.6291,0.8082,0.2213,0.6638
113.314,0.4339,0.8311,0.9728,0.6291,0.8418,0.2213,0.6975
113.360,0.4339,0.8311,1.0051,0.6291,0.8742,0.2213,0.7299
113.422,0.4339,0.6291,0.9184,0.2213,0.7741,0.7379,0.6216
113.484,0.4339,0.6291,0.9628,0.2213,0.8186,0.7379,0.6662
113.531,0.4339,0.6291,0.9961,0.2213,0.8520,0.7379,0.6996
113.577,0.4339,0.2213,0.8845,0.7379,0.7322,0.3454,0.5785
113.624,0.4339,0.2213,0.9179,0.7379,0.7656,0.3454,0.6119
113.670,0.4567,0.2213,0.9503,0.7379,0.7981,0.3454,0.6445
113.717,0.4726,0.2213,0.9844,0.7379,0.8322,0.3454,0.6787
113.779,0.4726,0.7379,0.8762,0.3454,0.7227,0.0630,0.5695
113.828,0.4726,0.7379,0.9110,0.3454,0.7576,0.0630,0.6044
113.875,0.4726,0.7379,0.9444,0.3454,0.7910,0.0630,0.6379
113.936,0.4868,0.7379,0.9877,0.3454,0.8344,0.0630,0.6814
113.970,0.5039,0.7379,1.0121,0.3454,0.8588,0.0630,0.7058
114.017,0.5273,0.3454,0.8923,0.0630,0.7393,0.2974,0.6074
114.063,0.5354,0.3454,0.9253,0.0630,0.7724,0.2974,0.6406
114.110,0.5354,0.3454,0.9587,0.0630,0.8059,0.2974,0.6741
114.156,0.5354,0.3454,0.9916,0.0630,0.8387,0.2974,0.7070
114.218,0.5354,0.0630,0.8835,0.2974,0.7518,0.9324,0.5967
114.281,0.5354,0.0630,0.9280,0.2974,0.7964,0.9324,0.6414
114.342,0.5354,0.0630,0.9717,0.2974,0.8401,0.9324,0.6852
114.389,0.5354,0.0630,1.0052,0.2974,0.8737,0.9324,0.7188
114.435,0.5354,0.2974,0.9071,0.9324,0.7523,0.7107,0.5975
114.496,0.5354,0.2974,0.9508,0.9324,0.7961,0.7107,0.6413
114.543,0.5354,0.2974,0.9841,0.9324,0.8294,0.7107,0.6747
114.589,0.5354,0.2974,1.0170,0.9324,0.8624,0.7107,0.7078
114.651,0.5354,0.9324,0.9069,0.7107,0.7523,0.6265,0.5963
114.697,0.5122,0.9324,0.9401,0.7107,0.7856,0.6265,0.6297
114.758,0.4819,0.9324,0.9836,0.7107,0.8291,0.6265,0.6733
114.805,0.4585,0.9324,1.0171,0.7107,0.8627,0.6265,0.7069
114.851,0.4352,0.7107,0.8962,0.6265,0.7405,0.1171,0.6043
114.898,0.4117,0.7107,0.9299,0.6265,0.7742,0.1171,0.6381
114.944,0.4117,0.7107,0.9625,0.6265,0.8069,0.1171,0.6708
114.990,0.4117,0.7107,0.9959,0.6265,0.8403,0.1171,0.7043
115.037,0.4117,0.6265,0.8739,0.1171,0.7379,0.4999,0.5932
115.083,0.4117,0.6265,0.9072,0.1171,0.7713,0.4999,0.6266
115.144,0.4117,0.6265,0.9513,0.1171,0.8154,0.4999,0.6709
115.192,0.4117,0.6265,0.9853,0.1171,0.8495,0.4999,0.7049
115.239,0.4117,0.1171,0.8834,0.4999,0.7389,0.9133,0.5952
115.286,0.3880,0.1171,0.9176,0.4999,0.7732,0.9133,0.6295
115.322,0.3798,0.1171,0.9430,0.4999,0.7986,0.9133,0.6550
115.380,0.3798,0.1171,0.9848,0.4999,0.8405,0.9133,0.6970
115.427,0.3798,0.4999,0.8748,0.9133,0.7313,0.1854,0.5875
115.489,0.3798,0.4999,0.9195,0.9133,0.7760,0.1854,0.6323
115.536,0.3798,0.4999,0.9532,0.9133,0.8098,0.1854,0.6662
115.590,0.3908,0.4999,0.9918,0.9133,0.8485,0.1854,0.7049
115.629,0.4106,0.9133,0.8772,0.1854,0.7336,0.0676,0.5784
115.676,0.4341,0.9133,0.9111,0.1854,0.7675,0.0676,0.6124
115.723,0.4574,0.9133,0.9448,0.1854,0.8013,0.0676,0.6463
115.769,0.4574,0.9133,0.9779,0.1854,0.8345,0.0676,0.6795
115.831,0.4574,0.1854,0.8794,0.0676,0.7245,0.7089,0.5688
115.895,0.4892,0.1854,0.9254,0.0676,0.7705,0.7089,0.6149
115.941,0.4892,0.1854,0.9587,0.0676,0.8039,0.7089,0.6484
116.002,0.4892,0.1854,1.0034,0.0676,0.8487,0.7089,0.6932
116.049,0.4892,0.0676,0.8824,0.7089,0.7270,0.6386,0.5919
116.110,0.4892,0.0676,0.9266,0.7089,0.7712,0.6386,0.6362
116.159,0.4892,0.0676,0.9617,0.7089,0.8064,0.6386,0.6714
116.205,0.4892,0.0676,0.9950,0.7089,0.8397,0.6386,0.7048
116.250,0.4747,0.7089,0.8725,0.6386,0.7376,0.6152,0.5793
116.313,0.4433,0.7089,0.9181,0.6386,0.7833,0.6152,0.6250
116.359,0.4201,0.7089,0.9518,0.6386,0.8170,0.6152,0.6588
116.406,0.3967,0.7089,0.9856,0.6386,0.8509,0.6152,0.6927
116.468,0.3656,0.6386,0.8961,0.6152,0.7380,0.5854,0.5920
116.532,0.3338,0.6386,0.9423,0.6152,0.7842,0.5854,0.6383
116.596,0.3018,0.6386,0.9888,0.6152,0.8308,0.5854,0.6849
116.656,0.2715,0.6152,0.8749,0.5854,0.7290,0.3368,0.5830
116.704,0.2477,0.6152,0.9094,0.5854,0.7636,0.3368,0.6177
116.750,0.2244,0.6152,0.9434,0.5854,0.7976,0.3368,0.6517
116.797,0.2010,0.6152,0.9773,0.5854,0.8316,0.3368,0.6858
116.844,0.1776,0.6152,1.0114,0.5854,0.8657,0.3368,0.7199
116.891,0.1541,0.5854,0.8999,0.3368,0.7542,0.4985,0.6181
116.938,0.1541,0.5854,0.9341,0.3368,0.7884,0.4985,0.6523
116.984,0.1541,0.5854,0.9678,0.3368,0.8221,0.4985,0.6861
117.046,0.1541,0.5854,1.0128,0.3368,0.8672,0.4985,0.7313
117.093,0.1541,0.3368,0.9016,0.4985,0.7657,0.5188,0.6192
117.140,0.1541,0.3368,0.9362,0.4985,0.8004,0.5188,0.6538
117.187,0.1541,0.3368,0.9703,0.4985,0.8346,0.5188,0.6881
117.234,0.1541,0.3368,1.0046,0.4985,0.8689,0.5188,0.7224
117.297,0.1541,0.4985,0.9147,0.5188,0.7683,0.5566,0.6112
117.344,0.1541,0.4985,0.9489,0.5188,0.8026,0.5566,0.6455
117.391,0.1541,0.4985,0.9837,0.5188,0.8374,0.5566,0.6804
117.452,0.1541,0.5188,0.8819,0.5566,0.7250,0.7360,0.5651
117.500,0.1541,0.5188,0.9169,0.5566,0.7600,0.7360,0.6002
117.561,0.1541,0.5188,0.9615,0.5566,0.8047,0.7360,0.6449
117.608,0.1541,0.5188,0.9956,0.5566,0.8389,0.7360,0.6792
117.654,0.1541,0.5566,0.8729,0.7360,0.7132,0.6949,0.5645
117.702,0.1541,0.5566,0.9078,0.7360,0.7482,0.6949,0.5995
117.749,0.1541,0.5566,0.9421,0.7360,0.7826,0.6949,0.6340
117.810,0.1541,0.5566,0.9867,0.7360,0.8272,0.6949,0.6787
117.858,0.1541,0.7360,0.8624,0.6949,0.7140,0.2875,0.5664
117.905,0.1777,0.7360,0.8970,0.6949,0.7486,0.2875,0.6011
117.952,0.2013,0.7360,0.9316,0.6949,0.7832,0.2875,0.6358
118.013,0.2168,0.7360,0.9762,0.6949,0.8279,0.2875,0.6805
118.061,0.2168,0.7360,1.0112,0.6949,0.8630,0.2875,0.7156
118.108,0.2168,0.6949,0.8975,0.2875,0.7502,0.6991,0.6011
118.156,0.2168,0.6949,0.9332,0.2875,0.7859,0.6991,0.6369
118.203,0.2168,0.6949,0.9677,0.2875,0.8205,0.6991,0.6715
118.250,0.2402,0.6949,1.0019,0.2875,0.8548,0.6991,0.7059
118.312,0.2564,0.2875,0.9002,0.6991,0.7514,0.8508,0.5917
118.373,0.2337,0.6991,0.7967,0.8508,0.6371,0.9391,0.4890
118.436,0.2022,0.6991,0.8432,0.8508,0.6836,0.9391,0.5356
118.484,0.1785,0.6991,0.8781,0.8508,0.7186,0.9391,0.5706
118.530,0.1553,0.6991,0.9123,0.8508,0.7528,0.9391,0.6049
118.576,0.1322,0.6991,0.9462,0.8508,0.7868,0.9391,0.6389
118.622,0.1172,0.6991,0.9803,0.8508,0.8210,0.9391,0.6731
118.669,0.1253,0.6991,1.0142,0.8508,0.8549,0.9391,0.7071
118.715,0.1487,0.8508,0.8895,0.9391,0.7417,0.4846,0.5926
118.777,0.1794,0.8508,0.9348,0.9391,0.7871,0.4846,0.6381
118.841,0.1877,0.8508,0.9819,0.9391,0.8343,0.4846,0.6853
118.887,0.1877,0.8508,1.0162,0.9391,0.8686,0.4846,0.7196
118.934,0.1958,0.9391,0.9030,0.4846,0.7541,0.6220,0.6158
118.980,0.2039,0.9391,0.9369,0.4846,0.7880,0.6220,0.6498
119.028,0.2039,0.9391,0.9725,0.4846,0.8237,0.6220,0.6855
119.073,0.2039,0.9391,1.0062,0.4846,0.8574,0.6220,0.7193
119.136,0.2039,0.4846,0.9039,0.6220,0.7659,0.4530,0.6146
119.199,0.2039,0.4846,0.9502,0.6220,0.8123,0.4530,0.6611
119.261,0.2039,0.4846,0.9961,0.6220,0.8581,0.4530,0.7070
119.308,0.2039,0.6220,0.8926,0.4530,0.7416,0.8796,0.5931
119.354,0.2039,0.6220,0.9272,0.4530,0.7761,0.8796,0.6277
119.401,0.2039,0.6220,0.9619,0.4530,0.8109,0.8796,0.6625
119.462,0.1736,0.6220,1.0068,0.4530,0.8558,0.8796,0.7075
119.508,0.1502,0.4530,0.8905,0.8796,0.7422,0.4681,0.5832
119.555,0.1502,0.4530,0.9253,0.8796,0.7770,0.4681,0.6181
119.602,0.1502,0.4530,0.9602,0.8796,0.8119,0.4681,0.6531
119.665,0.1502,0.4530,1.0066,0.8796,0.8585,0.4681,0.6997
119.728,0.1502,0.8796,0.9050,0.4681,0.7462,0.4077,0.6071
119.776,0.1502,0.8796,0.9406,0.4681,0.7819,0.4077,0.6428
119.839,0.1502,0.8796,0.9875,0.4681,0.8288,0.4077,0.6898
119.887,0.1502,0.4681,0.8650,0.4077,0.7260,0.3506,0.5640
119.949,0.1502,0.4681,0.9108,0.4077,0.7718,0.3506,0.6099
119.996,0.1502,0.4681,0.9460,0.4077,0.8071,0.3506,0.6453
120.058,0.1194,0.4681,0.9919,0.4077,0.8530,0.3506,0.6912
120.104,0.0961,0.4077,0.8877,0.3506,0.7259,0.2089,0.5763
120.153,0.0961,0.4077,0.9237,0.3506,0.7620,0.2089,0.6124
120.200,0.0880,0.4077,0.9586,0.3506,0.7970,0.2089,0.6475
120.246,0.0648,0.4077,0.9932,0.3506,0.8316,0.2089,0.6821
120.309,0.0500,0.3506,0.8782,0.2089,0.7288,0.2586,0.5797
120.356,0.0500,0.3506,0.9136,0.2089,0.7643,0.2586,0.6152
120.402,0.0500,0.3506,0.9478,0.2089,0.7985,0.2586,0.6495
120.465,0.0500,0.3506,0.9944,0.2089,0.8452,0.2586,0.6962
120.526,0.0500,0.2089,0.8912,0.2586,0.7423,0.5193,0.5791
120.575,0.0500,0.2089,0.9273,0.2586,0.7785,0.5193,0.6154
120.621,0.0500,0.2089,0.9617,0.2586,0.8129,0.5193,0.6499
120.668,0.0500,0.2089,0.9969,0.2586,0.8482,0.5193,0.6852
120.715,0.0500,0.2586,0.8832,0.5193,0.7203,0.8406,0.5782
120.762,0.0500,0.2586,0.9185,0.5193,0.7557,0.8406,0.6136
120.824,0.0500,0.2586,0.9650,0.5193,0.8022,0.8406,0.6602
120.886,0.0500,0.2586,1.0115,0.5193,0.8488,0.8406,0.7068
120.949,0.0812,0.5193,0.8956,0.8406,0.7537,0.1941,0.5909
120.995,0.1046,0.5193,0.9305,0.8406,0.7887,0.1941,0.6259
121.042,0.1278,0.5193,0.9653,0.8406,0.8235,0.1941,0.6608
121.102,0.1580,0.5193,1.0106,0.8406,0.8689,0.1941,0.7062
121.150,0.1816,0.8406,0.9042,0.1941,0.7416,0.4325,0.5899
121.196,0.2051,0.8406,0.9394,0.1941,0.7769,0.4325,0.6252
121.243,0.2286,0.8406,0.9746,0.1941,0.8121,0.4325,0.6605
121.290,0.2519,0.8406,1.0097,0.1941,0.8472,0.4325,0.6956
121.337,0.2753,0.1941,0.8822,0.4325,0.7307,0.3532,0.5793
121.385,0.2995,0.1941,0.9186,0.4325,0.7671,0.3532,0.6158
121.433,0.3231,0.1941,0.9541,0.4325,0.8026,0.3532,0.6514
121.495,0.3541,0.1941,1.0007,0.4325,0.8493,0.3532,0.6981
121.542,0.3779,0.4325,0.8850,0.3532,0.7339,0.1597,0.5927
121.589,0.4014,0.3532,0.7693,0.1597,0.6282,0.2360,0.4647
121.636,0.4169,0.3532,0.8049,0.1597,0.6638,0.2360,0.5004
121.684,0.4169,0.3532,0.8407,0.1597,0.6997,0.2360,0.5363
121.747,0.4169,0.3532,0.8879,0.1597,0.7469,0.2360,0.5836
0.041,0.5000,-1,-1,-1,-1,-1,-1
0.088,0.5000,-1,-1,-1,-1,-1,-1
0.134,0.5000,-1,-1,-1,-1,-1,-1
0.180,0.5000,-1,-1,-1,-1,-1,-1
0.227,0.5000,-1,-1,-1,-1,-1,-1
0.289,0.5000,-1,-1,-1,-1,-1,-1
0.337,0.5000,-1,-1,-1,-1,-1,-1
0.383,0.5000,-1,-1,-1,-1,-1,-1
0.444,0.5000,-1,-1,-1,-1,-1,-1
0.491,0.5000,-1,-1,-1,-1,-1,-1
0.538,0.5000,-1,-1,-1,-1,-1,-1
0.584,0.5000,-1,-1,-1,-1,-1,-1
0.632,0.5000,-1,-1,-1,-1,-1,-1
0.693,0.5000,-1,-1,-1,-1,-1,-1
0.739,0.5000,-1,-1,-1,-1,-1,-1
0.786,0.5000,-1,-1,-1,-1,-1,-1
0.833,0.5000,-1,-1,-1,-1,-1,-1
0.880,0.5000,-1,-1,-1,-1,-1,-1
0.927,0.5000,-1,-1,-1,-1,-1,-1
0.988,0.5000,0.5981,-0.0140,-1,-1,-1,-1
1.050,0.5310,0.5981,-0.0044,-1,-1,-1,-1
1.099,0.5393,0.5981,0.0032,-1,-1,-1,-1
1.161,0.5549,0.5981,0.0128,-1,-1,-1,-1
1.208,0.5549,0.5981,0.0201,-1,-1,-1,-1
1.272,0.5549,0.5981,0.0300,-1,-1,-1,-1
1.321,0.5549,0.5981,0.0375,-1,-1,-1,-1
1.367,0.5549,0.5981,0.0447,-1,-1,-1,-1
1.428,0.5699,0.5981,0.0542,-1,-1,-1,-1
1.477,0.5699,0.5981,0.0618,-1,-1,-1,-1
1.523,0.5699,0.5981,0.0688,-1,-1,-1,-1
1.585,0.5699,0.5981,0.0785,-1,-1,-1,-1
1.647,0.5850,0.5981,0.0881,-1,-1,-1,-1
1.709,0.5850,0.5981,0.0978,-1,-1,-1,-1
1.756,0.5850,0.5981,0.1050,-1,-1,-1,-1
1.803,0.5850,0.5981,0.1123,-1,-1,-1,-1
1.850,0.6005,0.5981,0.1196,-1,-1,-1,-1
1.895,0.6005,0.5981,0.1266,-1,-1,-1,-1
1.958,0.6005,0.5981,0.1364,0.7236,-0.0139,-1,-1
2.005,0.5770,0.5981,0.1436,0.7236,-0.0064,-1,-1
2.067,0.5461,0.5981,0.1532,0.7236,0.0035,-1,-1
2.114,0.5226,0.5981,0.1605,0.7236,0.0110,-1,-1
2.161,0.4990,0.5981,0.1678,0.7236,0.0186,-1,-1
2.224,0.4676,0.5981,0.1775,0.7236,0.0286,-1,-1
2.272,0.4438,0.5981,0.1849,0.7236,0.0362,-1,-1
2.319,0.4204,0.5981,0.1922,0.7236,0.0437,-1,-1
2.366,0.3967,0.5981,0.1995,0.7236,0.0513,-1,-1
2.414,0.3729,0.5981,0.2069,0.7236,0.0589,-1,-1
2.461,0.3490,0.5981,0.2143,0.7236,0.0665,-1,-1
2.508,0.3258,0.5981,0.2215,0.7236,0.0739,-1,-1
2.555,0.3020,0.5981,0.2289,0.7236,0.0815,-1,-1
2.619,0.2703,0.5981,0.2387,0.7236,0.0917,-1,-1
2.666,0.2466,0.5981,0.2460,0.7236,0.0992,-1,-1
2.714,0.2229,0.5981,0.2534,0.7236,0.1068,-1,-1
2.761,0.1990,0.5981,0.2608,0.7236,0.1145,-1,-1
2.809,0.1752,0.5981,0.2681,0.7236,0.1220,-1,-1
2.871,0.1443,0.5981,0.2777,0.7236,0.1319,-1,-1
2.918,0.1206,0.5981,0.2851,0.7236,0.1395,0.6778,-0.0110
2.964,0.0977,0.5981,0.2922,0.7236,0.1468,0.6778,-0.0034
3.011,0.0742,0.5981,0.2994,0.7236,0.1543,0.6778,0.0043
3.072,0.0500,0.5981,0.3088,0.7236,0.1640,0.6778,0.0143
3.119,0.0500,0.5981,0.3162,0.7236,0.1716,0.6778,0.0221
3.182,0.0500,0.5981,0.3259,0.7236,0.1816,0.6778,0.0324
3.228,0.0500,0.5981,0.3331,0.7236,0.1891,0.6778,0.0401
3.290,0.0500,0.5981,0.3427,0.7236,0.1989,0.6778,0.0502
3.352,0.0500,0.5981,0.3522,0.7236,0.2088,0.6778,0.0604
3.399,0.0500,0.5981,0.3595,0.7236,0.2163,0.6778,0.0681
3.445,0.0500,0.5981,0.3667,0.7236,0.2237,0.6778,0.0758
3.506,0.0500,0.5981,0.3762,0.7236,0.2335,0.6778,0.0858
3.568,0.0500,0.5981,0.3857,0.7236,0.2433,0.6778,0.0959
3.614,0.0500,0.5981,0.3929,0.7236,0.2507,0.6778,0.1036
3.661,0.0500,0.5981,0.4002,0.7236,0.2582,0.6778,0.1113
3.710,0.0500,0.5981,0.4077,0.7236,0.2660,0.6778,0.1193
3.772,0.0500,0.5981,0.4173,0.7236,0.2759,0.6778,0.1295
3.817,0.0500,0.5981,0.4244,0.7236,0.2832,0.6778,0.1370
3.865,0.0500,0.5981,0.4318,0.7236,0.2908,0.6778,0.1448
3.912,0.0500,0.5981,0.4390,0.7236,0.2983,0.6778,0.1525
3.973,0.0500,0.5981,0.4484,0.7236,0.3080,0.6778,0.1625
4.035,0.0500,0.5981,0.4582,0.7236,0.3180,0.6778,0.1729
4.083,0.0500,0.5981,0.4655,0.7236,0.3256,0.6778,0.1806
4.132,0.0500,0.5981,0.4731,0.7236,0.3334,0.6778,0.1887
4.194,0.0500,0.5981,0.4827,0.7236,0.3433,0.6778,0.1989
4.240,0.0500,0.5981,0.4899,0.7236,0.3508,0.6778,0.2065
4.287,0.0500,0.5981,0.4972,0.7236,0.3583,0.6778,0.2143
4.335,0.0500,0.5981,0.5045,0.7236,0.3659,0.6778,0.2221
4.397,0.0500,0.5981,0.5142,0.7236,0.3759,0.6778,0.2324
4.459,0.0500,0.5981,0.5238,0.7236,0.3857,0.6778,0.2425
4.506,0.0500,0.5981,0.5311,0.7236,0.3932,0.6778,0.2503
4.568,0.0500,0.5981,0.5408,0.7236,0.4032,0.6778,0.2605
4.630,0.0500,0.5981,0.5503,0.7236,0.4130,0.6778,0.2706
4.678,0.0500,0.5981,0.5577,0.7236,0.4207,0.6778,0.2785
4.725,0.0500,0.5981,0.5650,0.7236,0.4282,0.6778,0.2863
4.788,0.0500,0.5981,0.5747,0.7236,0.4382,0.6778,0.2966
4.834,0.0500,0.5981,0.5819,0.7236,0.4456,0.6778,0.3042
4.880,0.0500,0.5981,0.5891,0.7236,0.4531,0.6778,0.3119
4.941,0.0500,0.5981,0.5985,0.7236,0.4628,0.6778,0.3219
5.004,0.0500,0.5981,0.6083,0.7236,0.4728,0.6778,0.3322
5.051,0.0500,0.5981,0.6156,0.7236,0.4804,0.6778,0.3400
5.114,0.0500,0.5981,0.6254,0.7236,0.4905,0.6778,0.3504
5.161,0.0500,0.5981,0.6326,0.7236,0.4979,0.6778,0.3581
5.224,0.0500,0.5981,0.6423,0.7236,0.5079,0.6778,0.3683
5.285,0.0500,0.5981,0.6517,0.7236,0.5176,0.6778,0.3784
5.332,0.0500,0.5981,0.6590,0.7236,0.5252,0.6778,0.3861
5.394,0.0500,0.5981,0.6687,0.7236,0.5351,0.6778,0.3964
5.441,0.0500,0.5981,0.6760,0.7236,0.5427,0.6778,0.4042
5.502,0.0500,0.5981,0.6855,0.7236,0.5524,0.6778,0.4142
5.549,0.0500,0.5981,0.6927,0.7236,0.5599,0.6778,0.4219
5.596,0.0500,0.5981,0.7000,0.7236,0.5674,0.6778,0.4296
5.657,0.0500,0.5981,0.7095,0.7236,0.5772,0.6778,0.4397
5.719,0.0500,0.5981,0.7191,0.7236,0.5871,0.6778,0.4499
5.782,0.0659,0.5981,0.7287,0.7236,0.5971,0.6778,0.4601
5.829,0.0659,0.5981,0.7360,0.7236,0.6046,0.6778,0.4678
5.891,0.0741,0.5981,0.7457,0.7236,0.6146,0.6778,0.4782
5.953,0.0896,0.5981,0.7553,0.7236,0.6245,0.6778,0.4884
6.000,0.0978,0.5981,0.7625,0.7236,0.6319,0.6778,0.4960
6.046,0.1127,0.5981,0.7697,0.7236,0.6393,0.6778,0.5036
6.093,0.1127,0.5981,0.7770,0.7236,0.6468,0.6778,0.5113
6.154,0.1278,0.5981,0.7865,0.7236,0.6566,0.6778,0.5215
6.217,0.1278,0.5981,0.7961,0.7236,0.6666,0.6778,0.5317
6.279,0.1432,0.5981,0.8058,0.7236,0.6765,0.6778,0.5419
6.341,0.1432,0.5981,0.8155,0.7236,0.6865,0.6778,0.5522
6.404,0.1588,0.5981,0.8251,0.7236,0.6965,0.6778,0.5625
6.450,0.1588,0.5981,0.8324,0.7236,0.7039,0.6778,0.5702
6.513,0.1744,0.5981,0.8420,0.7236,0.7139,0.6778,0.5804
6.574,0.1744,0.5981,0.8516,0.7236,0.7237,0.6778,0.5905
6.622,0.1899,0.5981,0.8589,0.7236,0.7313,0.6778,0.5983
6.684,0.1899,0.5981,0.8686,0.7236,0.7413,0.6778,0.6086
6.732,0.1899,0.5981,0.8760,0.7236,0.7489,0.6778,0.6165
6.794,0.2054,0.5981,0.8855,0.7236,0.7588,0.6778,0.6266
6.855,0.2054,0.5981,0.8950,0.7236,0.7685,0.6778,0.6366
6.916,0.2054,0.5981,0.9046,0.7236,0.7784,0.6778,0.6468
6.978,0.2054,0.5981,0.9141,0.7236,0.7883,0.6778,0.6570
7.025,0.2136,0.5981,0.9214,0.7236,0.7957,0.6778,0.6646
7.072,0.2136,0.5981,0.9287,0.7236,0.8033,0.6778,0.6724
7.119,0.2136,0.5981,0.9359,0.7236,0.8107,0.6778,0.6801
7.180,0.2136,0.5981,0.9455,0.7236,0.8206,0.6778,0.6902
7.227,0.2217,0.5981,0.9526,0.7236,0.8280,0.6778,0.6979
7.274,0.2217,0.5981,0.9599,0.7236,0.8355,0.6778,0.7056
7.322,0.2217,0.5981,0.9674,0.7236,0.8432,0.6778,0.7135
7.383,0.2217,0.5981,0.9768,0.7236,0.8529,0.6778,0.7235
7.429,0.2217,0.5981,0.9840,0.7236,0.8604,0.6778,0.7312
7.475,0.2217,0.5981,0.9912,0.7236,0.8677,0.6778,0.7388
7.521,0.2217,0.5981,0.9983,0.7236,0.8751,0.6778,0.7463
7.568,0.2217,0.5981,1.0056,0.7236,0.8826,0.6778,0.7541
7.615,0.2217,0.5981,1.0128,0.7236,0.8901,0.6778,0.7618
7.661,0.2217,0.7236,0.8974,0.6778,0.7693,0.8483,0.6315
7.708,0.2298,0.7236,0.9048,0.6778,0.7770,0.8483,0.6394
7.755,0.2380,0.7236,0.9124,0.6778,0.7847,0.8483,0.6474
7.802,0.2380,0.7236,0.9198,0.6778,0.7924,0.8483,0.6553
7.863,0.2532,0.7236,0.9296,0.6778,0.8025,0.8483,0.6656
7.912,0.2532,0.7236,0.9374,0.6778,0.8105,0.8483,0.6739
7.959,0.2532,0.7236,0.9450,0.6778,0.8183,0.8483,0.6819
8.006,0.2685,0.7236,0.9525,0.6778,0.8260,0.8483,0.6898
8.053,0.2685,0.7236,0.9600,0.6778,0.8337,0.8483,0.6978
8.100,0.2685,0.7236,0.9675,0.6778,0.8415,0.8483,0.7058
8.161,0.2685,0.7236,0.9773,0.6778,0.8516,0.8483,0.7161
8.208,0.2767,0.7236,0.9847,0.6778,0.8592,0.8483,0.7240
8.255,0.2767,0.7236,0.9923,0.6778,0.8671,0.8483,0.7320
8.303,0.2767,0.7236,0.9999,0.6778,0.8749,0.8483,0.7400
8.366,0.2848,0.7236,1.0100,0.6778,0.8852,0.8483,0.7507
8.412,0.2848,0.7236,1.0174,0.6778,0.8929,0.8483,0.7586
8.477,0.2848,0.6778,0.9035,0.8483,0.7694,0.7957,0.6330
8.525,0.2848,0.6778,0.9113,0.8483,0.7776,0.7957,0.6413
8.571,0.2848,0.6778,0.9190,0.8483,0.7855,0.7957,0.6494
8.619,0.2848,0.6778,0.9268,0.8483,0.7935,0.7957,0.6577
8.665,0.2848,0.6778,0.9345,0.8483,0.8014,0.7957,0.6657
8.727,0.2848,0.6778,0.9447,0.8483,0.8118,0.7957,0.6765
8.775,0.2848,0.6778,0.9525,0.8483,0.8199,0.7957,0.6848
8.821,0.2848,0.6778,0.9602,0.8483,0.8278,0.7957,0.6929
8.884,0.2848,0.6778,0.9705,0.8483,0.8384,0.7957,0.7037
8.931,0.2848,0.6778,0.9782,0.8483,0.8463,0.7957,0.7119
8.993,0.2848,0.6778,0.9883,0.8483,0.8567,0.7957,0.7226
9.040,0.2848,0.6778,0.9961,0.8483,0.8647,0.7957,0.7308
9.086,0.2848,0.6778,1.0036,0.8483,0.8725,0.7957,0.7387
9.132,0.2848,0.6778,1.0114,0.8483,0.8804,0.7957,0.7469
9.195,0.2848,0.8483,0.8909,0.7957,0.7577,0.0902,0.6173
9.242,0.2613,0.8483,0.8989,0.7957,0.7658,0.0902,0.6257
9.304,0.2299,0.8483,0.9095,0.7957,0.7768,0.0902,0.6369
9.366,0.1989,0.8483,0.9200,0.7957,0.7875,0.0902,0.6479
9.414,0.1753,0.8483,0.9280,0.7957,0.7957,0.0902,0.6564
9.475,0.1446,0.8483,0.9383,0.7957,0.8064,0.0902,0.6673
9.537,0.1138,0.8483,0.9488,0.7957,0.8171,0.0902,0.6783
9.598,0.0829,0.8483,0.9592,0.7957,0.8278,0.0902,0.6893
9.646,0.0592,0.8483,0.9672,0.7957,0.8360,0.0902,0.6977
9.707,0.0500,0.8483,0.9776,0.7957,0.8466,0.0902,0.7086
9.769,0.0500,0.8483,0.9881,0.7957,0.8575,0.0902,0.7198
9.831,0.0500,0.8483,0.9986,0.7957,0.8683,0.0902,0.7308
9.878,0.0500,0.8483,1.0066,0.7957,0.8764,0.0902,0.7392
9.926,0.0500,0.8483,1.0146,0.7957,0.8847,0.0902,0.7476
9.988,0.0653,0.7957,0.8956,0.0902,0.7588,0.5360,0.6163
10.051,0.0967,0.7957,0.9065,0.0902,0.7701,0.5360,0.6278
10.098,0.1200,0.7957,0.9146,0.0902,0.7783,0.5360,0.6363
10.145,0.1436,0.7957,0.9228,0.0902,0.7868,0.5360,0.6450
10.208,0.1748,0.7957,0.9336,0.0902,0.7979,0.5360,0.6564
10.268,0.2052,0.7957,0.9442,0.0902,0.8087,0.5360,0.6675
10.314,0.2282,0.7957,0.9522,0.0902,0.8169,0.5360,0.6759
10.362,0.2518,0.7957,0.9604,0.0902,0.8254,0.5360,0.6845
10.408,0.2748,0.7957,0.9684,0.0902,0.8336,0.5360,0.6929
10.455,0.2748,0.7957,0.9766,0.0902,0.8420,0.5360,0.7015
10.502,0.2748,0.7957,0.9847,0.0902,0.8503,0.5360,0.7101
10.563,0.2748,0.7957,0.9953,0.0902,0.8612,0.5360,0.7213
10.609,0.2748,0.7957,1.0035,0.0902,0.8696,0.5360,0.7298
10.657,0.2748,0.7957,1.0117,0.0902,0.8780,0.5360,0.7384
10.704,0.2748,0.0902,0.8863,0.5360,0.7470,0.7280,0.6024
10.766,0.2748,0.0902,0.8974,0.5360,0.7583,0.7280,0.6141
10.829,0.2748,0.0902,0.9088,0.5360,0.7700,0.7280,0.6260
10.877,0.2748,0.0902,0.9173,0.5360,0.7787,0.7280,0.6349
10.924,0.2748,0.0902,0.9256,0.5360,0.7873,0.7280,0.6437
10.985,0.2748,0.0902,0.9366,0.5360,0.7985,0.7280,0.6552
11.034,0.2748,0.0902,0.9453,0.5360,0.8075,0.7280,0.6643
11.096,0.2748,0.0902,0.9563,0.5360,0.8187,0.7280,0.6758
11.159,0.2748,0.0902,0.9674,0.5360,0.8301,0.7280,0.6876
11.205,0.2748,0.0902,0.9757,0.5360,0.8386,0.7280,0.6963
11.268,0.2748,0.0902,0.9869,0.5360,0.8501,0.7280,0.7080
11.317,0.2748,0.0902,0.9957,0.5360,0.8591,0.7280,0.7172
11.377,0.2748,0.0902,1.0063,0.5360,0.8700,0.7280,0.7284
11.425,0.2748,0.0902,1.0149,0.5360,0.8788,0.7280,0.7373
11.471,0.2748,0.5360,0.8872,0.7280,0.7460,0.2148,0.6023
11.531,0.2748,0.5360,0.8982,0.7280,0.7572,0.2148,0.6138
11.592,0.2748,0.5360,0.9094,0.7280,0.7687,0.2148,0.6255
11.639,0.2748,0.5360,0.9180,0.7280,0.7775,0.2148,0.6345
11.686,0.2748,0.5360,0.9265,0.7280,0.7862,0.2148,0.6434
11.748,0.2594,0.5360,0.9379,0.7280,0.7979,0.2148,0.6553
11.796,0.2357,0.5360,0.9466,0.7280,0.8067,0.2148,0.6644
11.843,0.2122,0.5360,0.9552,0.7280,0.8156,0.2148,0.6734
11.903,0.1823,0.5360,0.9661,0.7280,0.8267,0.2148,0.6849
11.964,0.1514,0.5360,0.9774,0.7280,0.8383,0.2148,0.6967
12.027,0.1200,0.5360,0.9888,0.7280,0.8500,0.2148,0.7087
12.091,0.0879,0.5360,1.0006,0.7280,0.8620,0.2148,0.7210
12.154,0.0564,0.5360,1.0121,0.7280,0.8738,0.2148,0.7330
12.202,0.0500,0.7280,0.8828,0.2148,0.7421,0.5639,0.5961
12.249,0.0735,0.7280,0.8915,0.2148,0.7511,0.5639,0.6053
12.296,0.0972,0.7280,0.9004,0.2148,0.7602,0.5639,0.6145
12.358,0.1277,0.7280,0.9118,0.2148,0.7719,0.5639,0.6265
12.420,0.1589,0.7280,0.9235,0.2148,0.7838,0.5639,0.6387
12.467,0.1823,0.7280,0.9323,0.2148,0.7928,0.5639,0.6478
12.513,0.2057,0.7280,0.9410,0.2148,0.8017,0.5639,0.6570
12.561,0.2057,0.7280,0.9499,0.2148,0.8108,0.5639,0.6662
12.608,0.2057,0.7280,0.9587,0.2148,0.8198,0.5639,0.6754
12.669,0.2057,0.7280,0.9702,0.2148,0.8315,0.5639,0.6874
12.731,0.2057,0.7280,0.9818,0.2148,0.8434,0.5639,0.6995
12.779,0.2057,0.7280,0.9907,0.2148,0.8525,0.5639,0.7088
12.843,0.2057,0.7280,1.0026,0.2148,0.8647,0.5639,0.7213
12.904,0.2057,0.7280,1.0140,0.2148,0.8764,0.5639,0.7332
12.950,0.2057,0.2148,0.8853,0.5639,0.7423,0.4014,0.5943
12.997,0.2057,0.2148,0.8942,0.5639,0.7515,0.4014,0.6036
13.045,0.2057,0.2148,0.9033,0.5639,0.7608,0.4014,0.6131
13.092,0.2057,0.2148,0.9123,0.5639,0.7700,0.4014,0.6225
13.154,0.2057,0.5639,0.7822,0.4014,0.6350,0.7852,0.4862
13.200,0.2057,0.5639,0.7912,0.4014,0.6442,0.7852,0.4956
13.248,0.2057,0.5639,0.8005,0.4014,0.6537,0.7852,0.5053
13.309,0.2057,0.5639,0.8125,0.4014,0.6659,0.7852,0.5177
13.356,0.2057,0.5639,0.8215,0.4014,0.6751,0.7852,0.5272
13.417,0.2057,0.5639,0.8336,0.4014,0.6874,0.7852,0.5397
13.464,0.2057,0.5639,0.8427,0.4014,0.6968,0.7852,0.5493
13.527,0.2057,0.5639,0.8550,0.4014,0.7094,0.7852,0.5621
13.573,0.2057,0.5639,0.8641,0.4014,0.7186,0.7852,0.5715
13.621,0.2057,0.5639,0.8733,0.4014,0.7280,0.7852,0.5811
13.683,0.2057,0.5639,0.8856,0.4014,0.7405,0.7852,0.5939
13.730,0.2057,0.5639,0.8947,0.4014,0.7499,0.7852,0.6034
13.777,0.2057,0.5639,0.9039,0.4014,0.7593,0.7852,0.6130
13.839,0.2057,0.5639,0.9160,0.4014,0.7716,0.7852,0.6255
13.886,0.2057,0.5639,0.9252,0.4014,0.7810,0.7852,0.6351
13.948,0.2057,0.5639,0.9374,0.4014,0.7934,0.7852,0.6478
13.995,0.2057,0.5639,0.9466,0.4014,0.8028,0.7852,0.6574
14.057,0.2057,0.5639,0.9585,0.4014,0.8150,0.7852,0.6698
14.119,0.2057,0.5639,0.9707,0.4014,0.8275,0.7852,0.6825
14.182,0.2057,0.5639,0.9830,0.4014,0.8400,0.7852,0.6953
14.228,0.2057,0.5639,0.9921,0.4014,0.8493,0.7852,0.7048
14.291,0.2057,0.5639,1.0043,0.4014,0.8618,0.7852,0.7175
14.338,0.2057,0.5639,1.0136,0.4014,0.8713,0.7852,0.7272
14.386,0.2057,0.4014,0.8807,0.7852,0.7368,0.2566,0.5861
14.446,0.2057,0.4014,0.8928,0.7852,0.7492,0.2566,0.5987
14.493,0.2057,0.4014,0.9022,0.7852,0.7587,0.2566,0.6084
14.555,0.2057,0.4014,0.9145,0.7852,0.7713,0.2566,0.6212
14.602,0.2057,0.4014,0.9238,0.7852,0.7808,0.2566,0.6309
14.664,0.2057,0.4014,0.9362,0.7852,0.7934,0.2566,0.6437
14.726,0.2057,0.4014,0.9485,0.7852,0.8060,0.2566,0.6566
14.772,0.2057,0.4014,0.9579,0.7852,0.8155,0.2566,0.6663
14.835,0.2057,0.4014,0.9704,0.7852,0.8283,0.2566,0.6793
14.881,0.2057,0.4014,0.9796,0.7852,0.8377,0.2566,0.6890
14.929,0.1822,0.4014,0.9890,0.7852,0.8473,0.2566,0.6987
14.976,0.1585,0.4014,0.9985,0.7852,0.8569,0.2566,0.7085
15.023,0.1352,0.4014,1.0078,0.7852,0.8664,0.2566,0.7182
15.070,0.1116,0.4014,1.0172,0.7852,0.8760,0.2566,0.7280
15.117,0.1190,0.7852,0.8857,0.2566,0.7379,0.7848,0.5874
15.179,0.1498,0.7852,0.8983,0.2566,0.7507,0.7848,0.6004
15.241,0.1809,0.7852,0.9109,0.2566,0.7636,0.7848,0.6136
15.304,0.2122,0.7852,0.9237,0.2566,0.7766,0.7848,0.6268
15.364,0.2424,0.7852,0.9360,0.2566,0.7891,0.7848,0.6396
15.411,0.2661,0.7852,0.9456,0.2566,0.7989,0.7848,0.6496
15.459,0.2897,0.7852,0.9552,0.2566,0.8087,0.7848,0.6596
15.520,0.3205,0.7852,0.9677,0.2566,0.8215,0.7848,0.6726
15.568,0.3205,0.7852,0.9774,0.2566,0.8314,0.7848,0.6826
15.629,0.3205,0.7852,0.9899,0.2566,0.8441,0.7848,0.6955
15.692,0.3205,0.7852,1.0026,0.2566,0.8571,0.7848,0.7088
15.738,0.3205,0.7852,1.0120,0.2566,0.8666,0.7848,0.7185
15.784,0.3205,0.2566,0.8763,0.7848,0.7284,0.3350,0.5809
15.831,0.3205,0.2566,0.8860,0.7848,0.7383,0.3350,0.5910
15.878,0.3205,0.2566,0.8957,0.7848,0.7481,0.3350,0.6010
15.924,0.3205,0.2566,0.9054,0.7848,0.7580,0.3350,0.6110
15.986,0.3205,0.2566,0.9182,0.7848,0.7711,0.3350,0.6243
16.049,0.3437,0.7848,0.7843,0.3350,0.6378,0.1145,0.4887
16.096,0.3673,0.7848,0.7943,0.3350,0.6480,0.1145,0.4990
16.158,0.3980,0.7848,0.8073,0.3350,0.6612,0.1145,0.5124
16.204,0.4214,0.7848,0.8171,0.3350,0.6713,0.1145,0.5227
16.251,0.4449,0.7848,0.8271,0.3350,0.6814,0.1145,0.5329
16.298,0.4683,0.7848,0.8370,0.3350,0.6914,0.1145,0.5432
16.345,0.4916,0.7848,0.8468,0.3350,0.7015,0.1145,0.5534
16.407,0.5229,0.7848,0.8600,0.3350,0.7149,0.1145,0.5671
16.470,0.5544,0.7848,0.8734,0.3350,0.7285,0.1145,0.5809
16.518,0.5781,0.7848,0.8834,0.3350,0.7387,0.1145,0.5912
16.580,0.6090,0.7848,0.8964,0.3350,0.7520,0.1145,0.6047
16.627,0.6247,0.7848,0.9065,0.3350,0.7623,0.1145,0.6152
16.675,0.6247,0.7848,0.9165,0.3350,0.7724,0.1145,0.6255
16.736,0.6247,0.7848,0.9294,0.3350,0.7855,0.1145,0.6389
16.798,0.6247,0.7848,0.9426,0.3350,0.7990,0.1145,0.6525
16.859,0.6247,0.7848,0.9556,0.3350,0.8122,0.1145,0.6660
16.906,0.6247,0.7848,0.9653,0.3350,0.8221,0.1145,0.6761
16.953,0.6247,0.7848,0.9753,0.3350,0.8322,0.1145,0.6864
17.014,0.6092,0.7848,0.9883,0.3350,0.8455,0.1145,0.6999
17.062,0.5853,0.7848,0.9984,0.3350,0.8557,0.1145,0.7103
17.123,0.5548,0.7848,1.0113,0.3350,0.8689,0.1145,0.7237
17.170,0.5315,0.3350,0.8789,0.1145,0.7338,0.1925,0.5834
17.218,0.5555,0.3350,0.8892,0.1145,0.7443,0.1925,0.5941
17.278,0.5859,0.3350,0.9023,0.1145,0.7576,0.1925,0.6076
17.341,0.6170,0.3350,0.9157,0.1145,0.7712,0.1925,0.6215
17.388,0.6325,0.3350,0.9259,0.1145,0.7817,0.1925,0.6321
17.435,0.6325,0.3350,0.9360,0.1145,0.7919,0.1925,0.6425
17.482,0.6325,0.3350,0.9462,0.1145,0.8023,0.1925,0.6530
17.529,0.6325,0.3350,0.9561,0.1145,0.8124,0.1925,0.6633
17.590,0.6325,0.3350,0.9693,0.1145,0.8258,0.1925,0.6769
17.636,0.6325,0.3350,0.9793,0.1145,0.8360,0.1925,0.6873
17.699,0.6325,0.3350,0.9927,0.1145,0.8496,0.1925,0.7012
17.745,0.6325,0.3350,1.0027,0.1145,0.8598,0.1925,0.7115
17.807,0.6173,0.3350,1.0161,0.1145,0.8733,0.1925,0.7253
17.854,0.6245,0.1145,0.8837,0.1925,0.7358,0.2586,0.5861
17.916,0.6550,0.1145,0.8971,0.1925,0.7494,0.2586,0.5999
17.963,0.6786,0.1145,0.9074,0.1925,0.7599,0.2586,0.6105
18.026,0.7101,0.1145,0.9212,0.1925,0.7739,0.2586,0.6248
18.073,0.7101,0.1145,0.9314,0.1925,0.7844,0.2586,0.6354
18.119,0.7101,0.1145,0.9416,0.1925,0.7947,0.2586,0.6459
18.166,0.7101,0.1145,0.9518,0.1925,0.8050,0.2586,0.6564
18.213,0.7101,0.1145,0.9621,0.1925,0.8155,0.2586,0.6670
18.272,0.7101,0.1145,0.9752,0.1925,0.8288,0.2586,0.6806
18.334,0.7101,0.1145,0.9885,0.1925,0.8424,0.2586,0.6944
18.395,0.7101,0.1145,1.0020,0.1925,0.8561,0.2586,0.7083
18.458,0.7101,0.1145,1.0157,0.1925,0.8701,0.2586,0.7225
18.504,0.6951,0.1925,0.8804,0.2586,0.7330,0.9596,0.5839
18.566,0.6645,0.1925,0.8940,0.2586,0.7468,0.9596,0.5980
18.613,0.6406,0.1925,0.9046,0.2586,0.7576,0.9596,0.6089
18.675,0.6095,0.1925,0.9184,0.2586,0.7716,0.9596,0.6232
18.723,0.5857,0.1925,0.9290,0.2586,0.7824,0.9596,0.6341
18.784,0.5550,0.1925,0.9427,0.2586,0.7963,0.9596,0.6482
18.832,0.5312,0.1925,0.9533,0.2586,0.8070,0.9596,0.6591
18.879,0.5078,0.1925,0.9637,0.2586,0.8176,0.9596,0.6699
18.926,0.4841,0.1925,0.9742,0.2586,0.8283,0.9596,0.6807
18.987,0.4537,0.1925,0.9878,0.2586,0.8421,0.9596,0.6947
19.034,0.4304,0.1925,0.9981,0.2586,0.8526,0.9596,0.7054
19.095,0.3998,0.1925,1.0117,0.2586,0.8665,0.9596,0.7195
19.142,0.3763,0.2586,0.8771,0.9596,0.7302,0.7393,0.5852
19.189,0.3763,0.2586,0.8878,0.9596,0.7411,0.7393,0.5962
19.252,0.3763,0.2586,0.9019,0.9596,0.7555,0.7393,0.6108
19.299,0.3763,0.2586,0.9126,0.9596,0.7663,0.7393,0.6218
19.345,0.3763,0.2586,0.9231,0.9596,0.7769,0.7393,0.6326
19.409,0.3763,0.2586,0.9374,0.9596,0.7915,0.7393,0.6474
19.456,0.3763,0.2586,0.9480,0.9596,0.8023,0.7393,0.6583
19.503,0.3763,0.2586,0.9587,0.9596,0.8131,0.7393,0.6693
19.564,0.3763,0.2586,0.9725,0.9596,0.8271,0.7393,0.6835
19.611,0.3763,0.2586,0.9831,0.9596,0.8378,0.7393,0.6944
19.675,0.3763,0.2586,0.9976,0.9596,0.8526,0.7393,0.7094
19.737,0.3763,0.2586,1.0116,0.9596,0.8668,0.7393,0.7238
19.784,0.3763,0.9596,0.8775,0.7393,0.7347,0.5009,0.5874
19.845,0.3455,0.9596,0.8916,0.7393,0.7490,0.5009,0.6020
19.893,0.3299,0.9596,0.9025,0.7393,0.7600,0.5009,0.6132
19.940,0.3145,0.9596,0.9133,0.7393,0.7710,0.5009,0.6243
19.987,0.3064,0.9596,0.9241,0.7393,0.7820,0.5009,0.6354
20.035,0.2902,0.9596,0.9353,0.7393,0.7933,0.5009,0.6469
20.098,0.2749,0.9596,0.9496,0.7393,0.8078,0.5009,0.6616
20.145,0.2512,0.9596,0.9605,0.7393,0.8189,0.5009,0.6728
20.192,0.2357,0.9596,0.9713,0.7393,0.8299,0.5009,0.6840
20.253,0.2206,0.9596,0.9853,0.7393,0.8440,0.5009,0.6984
20.316,0.1893,0.9596,0.9996,0.7393,0.8586,0.5009,0.7132
20.378,0.1738,0.9596,1.0138,0.7393,0.8730,0.5009,0.7278
20.425,0.1584,0.7393,0.8840,0.5009,0.7389,0.4864,0.5899
20.471,0.1584,0.7393,0.8949,0.5009,0.7499,0.4864,0.6010
20.533,0.1584,0.7393,0.9091,0.5009,0.7644,0.4864,0.6157
20.594,0.1584,0.7393,0.9235,0.5009,0.7790,0.4864,0.6305
20.641,0.1584,0.7393,0.9343,0.5009,0.7900,0.4864,0.6416
20.705,0.1584,0.7393,0.9491,0.5009,0.8050,0.4864,0.6569
20.768,0.1584,0.7393,0.9638,0.5009,0.8199,0.4864,0.6720
20.830,0.1584,0.7393,0.9784,0.5009,0.8346,0.4864,0.6869
20.878,0.1584,0.7393,0.9895,0.5009,0.8459,0.4864,0.6984
20.924,0.1584,0.7393,1.0003,0.5009,0.8569,0.4864,0.7095
20.985,0.1584,0.7393,1.0146,0.5009,0.8714,0.4864,0.7242
21.048,0.1584,0.5009,0.8861,0.4864,0.7391,0.7824,0.5916
21.111,0.1584,0.5009,0.9010,0.4864,0.7543,0.7824,0.6069
21.159,0.1584,0.5009,0.9122,0.4864,0.7657,0.7824,0.6184
21.205,0.1584,0.5009,0.9233,0.4864,0.7769,0.7824,0.6298
21.254,0.1584,0.5009,0.9348,0.4864,0.7886,0.7824,0.6417
21.315,0.1736,0.5009,0.9493,0.4864,0.8033,0.7824,0.6566
21.363,0.1736,0.5009,0.9604,0.4864,0.8145,0.7824,0.6680
21.425,0.1736,0.5009,0.9752,0.4864,0.8295,0.7824,0.6831
21.471,0.1818,0.5009,0.9862,0.4864,0.8406,0.7824,0.6944
21.518,0.1818,0.5009,0.9973,0.4864,0.8519,0.7824,0.7058
21.581,0.1818,0.5009,1.0121,0.4864,0.8669,0.7824,0.7210
21.643,0.1970,0.4864,0.8817,0.7824,0.7360,0.7514,0.5887
21.690,0.1970,0.4864,0.8929,0.7824,0.7474,0.7514,0.6002
21.737,0.1970,0.4864,0.9042,0.7824,0.7589,0.7514,0.6119
21.784,0.1970,0.4864,0.9155,0.7824,0.7703,0.7514,0.6234
21.830,0.1970,0.4864,0.9265,0.7824,0.7815,0.7514,0.6347
21.877,0.1970,0.4864,0.9378,0.7824,0.7929,0.7514,0.6463
21.939,0.1970,0.4864,0.9527,0.7824,0.8080,0.7514,0.6616
21.988,0.1970,0.4864,0.9643,0.7824,0.8198,0.7514,0.6735
22.050,0.1970,0.4864,0.9793,0.7824,0.8350,0.7514,0.6889
22.097,0.1970,0.4864,0.9905,0.7824,0.8463,0.7514,0.7004
22.143,0.1970,0.4864,1.0016,0.7824,0.8576,0.7514,0.7118
22.190,0.2122,0.4864,1.0128,0.7824,0.8689,0.7514,0.7233
22.237,0.2122,0.7824,0.8804,0.7514,0.7349,0.7740,0.5924
22.299,0.2122,0.7824,0.8953,0.7514,0.7500,0.7740,0.6077
22.361,0.2122,0.7824,0.9105,0.7514,0.7654,0.7740,0.6233
22.408,0.2122,0.7824,0.9217,0.7514,0.7768,0.7740,0.6348
22.454,0.2122,0.7824,0.9331,0.7514,0.7883,0.7740,0.6465
22.501,0.2122,0.7824,0.9445,0.7514,0.7998,0.7740,0.6581
22.547,0.2122,0.7824,0.9557,0.7514,0.8112,0.7740,0.6697
22.595,0.2122,0.7824,0.9673,0.7514,0.8229,0.7740,0.6815
22.643,0.2122,0.7824,0.9789,0.7514,0.8347,0.7740,0.6935
22.704,0.2122,0.7824,0.9937,0.7514,0.8497,0.7740,0.7086
22.750,0.2122,0.7824,1.0049,0.7514,0.8610,0.7740,0.7201
22.797,0.2122,0.7824,1.0162,0.7514,0.8725,0.7740,0.7318
22.844,0.2039,0.7514,0.8842,0.7740,0.7436,0.0664,0.6030
22.892,0.1802,0.7514,0.8959,0.7740,0.7554,0.0664,0.6149
22.939,0.1564,0.7514,0.9076,0.7740,0.7673,0.0664,0.6269
22.987,0.1325,0.7514,0.9193,0.7740,0.7792,0.0664,0.6389
23.035,0.1087,0.7514,0.9311,0.7740,0.7911,0.0664,0.6510
23.096,0.0782,0.7514,0.9461,0.7740,0.8062,0.0664,0.6663
23.142,0.0553,0.7514,0.9573,0.7740,0.8176,0.0664,0.6779
23.189,0.0500,0.7514,0.9691,0.7740,0.8296,0.0664,0.6899
23.250,0.0500,0.7514,0.9840,0.7740,0.8447,0.0664,0.7052
23.296,0.0500,0.7514,0.9954,0.7740,0.8562,0.0664,0.7169
23.358,0.0500,0.7514,1.0106,0.7740,0.8716,0.0664,0.7324
23.405,0.0500,0.7740,0.8832,0.0664,0.7442,0.1012,0.5983
23.467,0.0813,0.7740,0.8987,0.0664,0.7599,0.1012,0.6143
23.514,0.1047,0.7740,0.9104,0.0664,0.7717,0.1012,0.6262
23.561,0.1282,0.7740,0.9221,0.0664,0.7836,0.1012,0.6382
23.608,0.1519,0.7740,0.9339,0.0664,0.7955,0.1012,0.6503
23.670,0.1519,0.7740,0.9493,0.0664,0.8111,0.1012,0.6661
23.717,0.1519,0.7740,0.9610,0.0664,0.8230,0.1012,0.6781
23.779,0.1519,0.7740,0.9763,0.0664,0.8384,0.1012,0.6938
23.826,0.1519,0.7740,0.9881,0.0664,0.8504,0.1012,0.7058
23.872,0.1519,0.7740,0.9997,0.0664,0.8621,0.1012,0.7177
23.920,0.1436,0.7740,1.0116,0.0664,0.8742,0.1012,0.7299
23.966,0.1368,0.0664,0.8858,0.1012,0.7417,0.1976,0.5968
24.027,0.1671,0.0664,0.9010,0.1012,0.7571,0.1976,0.6125
24.089,0.1980,0.0664,0.9166,0.1012,0.7729,0.1976,0.6284
24.136,0.2216,0.0664,0.9285,0.1012,0.7849,0.1976,0.6406
24.184,0.2216,0.0664,0.9406,0.1012,0.7971,0.1976,0.6530
24.230,0.2216,0.0664,0.9522,0.1012,0.8089,0.1976,0.6649
24.277,0.2216,0.0664,0.9641,0.1012,0.8210,0.1976,0.6771
24.338,0.2216,0.0664,0.9795,0.1012,0.8365,0.1976,0.6928
24.386,0.2216,0.0664,0.9915,0.1012,0.8487,0.1976,0.7051
24.449,0.2216,0.0664,1.0074,0.1012,0.8647,0.1976,0.7213
24.495,0.2216,0.1012,0.8765,0.1976,0.7332,0.5571,0.5947
24.541,0.2216,0.1012,0.8883,0.1976,0.7452,0.5571,0.6068
24.588,0.2216,0.1012,0.9003,0.1976,0.7573,0.5571,0.6190
24.650,0.2216,0.1012,0.9161,0.1976,0.7733,0.5571,0.6352
24.711,0.2216,0.1012,0.9317,0.1976,0.7891,0.5571,0.6512
24.757,0.2216,0.1012,0.9434,0.1976,0.8010,0.5571,0.6632
24.805,0.2216,0.1012,0.9555,0.1976,0.8131,0.5571,0.6755
24.866,0.2216,0.1012,0.9712,0.1976,0.8290,0.5571,0.6916
24.913,0.2216,0.1012,0.9831,0.1976,0.8411,0.5571,0.7038
24.974,0.2216,0.1012,0.9986,0.1976,0.8568,0.5571,0.7196
25.021,0.2216,0.1012,1.0106,0.1976,0.8689,0.5571,0.7318
25.068,0.2216,0.1976,0.8810,0.5571,0.7441,0.5504,0.6043
25.130,0.2216,0.1976,0.8971,0.5571,0.7603,0.5504,0.6207
25.177,0.2216,0.1976,0.9092,0.5571,0.7726,0.5504,0.6331
0.051,0.5000,-1,-1,-1,-1,-1,-1
0.101,0.5000,-1,-1,-1,-1,-1,-1
0.147,0.5000,-1,-1,-1,-1,-1,-1
0.193,0.5000,-1,-1,-1,-1,-1,-1
0.256,0.5000,-1,-1,-1,-1,-1,-1
0.317,0.5000,-1,-1,-1,-1,-1,-1
0.380,0.5000,-1,-1,-1,-1,-1,-1
0.442,0.5000,-1,-1,-1,-1,-1,-1
0.491,0.5000,-1,-1,-1,-1,-1,-1
0.537,0.5000,-1,-1,-1,-1,-1,-1
0.583,0.5000,-1,-1,-1,-1,-1,-1
0.632,0.5000,-1,-1,-1,-1,-1,-1
0.679,0.5000,-1,-1,-1,-1,-1,-1
0.742,0.5000,-1,-1,-1,-1,-1,-1
0.790,0.5000,-1,-1,-1,-1,-1,-1
0.853,0.5000,-1,-1,-1,-1,-1,-1
0.899,0.5000,-1,-1,-1,-1,-1,-1
0.945,0.5000,-1,-1,-1,-1,-1,-1
0.992,0.5000,0.8984,-0.0162,-1,-1,-1,-1
1.054,0.5311,0.8984,-0.0066,-1,-1,-1,-1
1.100,0.5544,0.8984,0.0006,-1,-1,-1,-1
1.148,0.5544,0.8984,0.0080,-1,-1,-1,-1
1.195,0.5699,0.8984,0.0153,-1,-1,-1,-1
1.243,0.5699,0.8984,0.0226,-1,-1,-1,-1
1.305,0.5699,0.8984,0.0324,-1,-1,-1,-1
1.352,0.5699,0.8984,0.0395,-1,-1,-1,-1
1.400,0.5780,0.8984,0.0471,-1,-1,-1,-1
1.446,0.5780,0.8984,0.0541,-1,-1,-1,-1
1.492,0.5861,0.8984,0.0612,-1,-1,-1,-1
1.539,0.5861,0.8984,0.0685,-1,-1,-1,-1
1.585,0.5861,0.8984,0.0758,-1,-1,-1,-1
1.648,0.6018,0.8984,0.0854,-1,-1,-1,-1
1.710,0.6018,0.8984,0.0950,-1,-1,-1,-1
1.759,0.6018,0.8984,0.1026,-1,-1,-1,-1
1.806,0.6171,0.8984,0.1099,-1,-1,-1,-1
1.852,0.6171,0.8984,0.1171,-1,-1,-1,-1
1.898,0.6171,0.8984,0.1242,-1,-1,-1,-1
1.944,0.6171,0.8984,0.1314,-1,-1,-1,-1
1.990,0.6022,0.8984,0.1385,0.2103,-0.0114,-1,-1
2.052,0.5712,0.8984,0.1481,0.2103,-0.0015,-1,-1
2.115,0.5400,0.8984,0.1578,0.2103,0.0085,-1,-1
2.162,0.5164,0.8984,0.1651,0.2103,0.0161,-1,-1
2.208,0.4931,0.8984,0.1723,0.2103,0.0235,-1,-1
2.257,0.4688,0.8984,0.1799,0.2103,0.0313,-1,-1
2.304,0.4454,0.8984,0.1871,0.2103,0.0387,-1,-1
2.350,0.4221,0.8984,0.1943,0.2103,0.0462,-1,-1
2.414,0.3906,0.8984,0.2041,0.2103,0.0563,-1,-1
2.459,0.3676,0.8984,0.2112,0.2103,0.0636,-1,-1
2.506,0.3444,0.8984,0.2184,0.2103,0.0710,-1,-1
2.554,0.3206,0.8984,0.2258,0.2103,0.0786,-1,-1
2.600,0.2972,0.8984,0.2330,0.2103,0.0861,-1,-1
2.648,0.2734,0.8984,0.2404,0.2103,0.0937,-1,-1
2.693,0.2507,0.8984,0.2474,0.2103,0.1010,-1,-1
2.741,0.2270,0.8984,0.2548,0.2103,0.1085,-1,-1
2.787,0.2039,0.8984,0.2619,0.2103,0.1159,-1,-1
2.833,0.1808,0.8984,0.2691,0.2103,0.1233,-1,-1
2.882,0.1562,0.8984,0.2767,0.2103,0.1312,-1,-1
2.929,0.1329,0.8984,0.2839,0.2103,0.1386,0.4622,-0.0138
2.992,0.1644,0.8984,0.2937,0.2103,0.1487,0.4622,-0.0034
3.039,0.1879,0.8984,0.3010,0.2103,0.1562,0.4622,0.0044
3.101,0.2191,0.8984,0.3106,0.2103,0.1661,0.4622,0.0146
3.149,0.2429,0.8984,0.3180,0.2103,0.1738,0.4622,0.0225
3.196,0.2663,0.8984,0.3253,0.2103,0.1812,0.4622,0.0302
3.242,0.2897,0.8984,0.3325,0.2103,0.1887,0.4622,0.0379
3.291,0.3141,0.8984,0.3401,0.2103,0.1965,0.4622,0.0459
3.338,0.3373,0.8984,0.3473,0.2103,0.2039,0.4622,0.0536
3.384,0.3605,0.8984,0.3545,0.2103,0.2113,0.4622,0.0612
3.432,0.3845,0.8984,0.3619,0.2103,0.2190,0.4622,0.0691
3.493,0.4149,0.8984,0.3713,0.2103,0.2287,0.4622,0.0791
3.540,0.4387,0.8984,0.3787,0.2103,0.2363,0.4622,0.0869
3.586,0.4616,0.8984,0.3858,0.2103,0.2437,0.4622,0.0945
3.634,0.4853,0.8984,0.3931,0.2103,0.2512,0.4622,0.1023
3.683,0.5098,0.8984,0.4007,0.2103,0.2591,0.4622,0.1104
3.732,0.5343,0.8984,0.4083,0.2103,0.2669,0.4622,0.1184
3.793,0.5649,0.8984,0.4178,0.2103,0.2767,0.4622,0.1285
3.839,0.5881,0.8984,0.4250,0.2103,0.2841,0.4622,0.1361
3.887,0.6120,0.8984,0.4324,0.2103,0.2917,0.4622,0.1440
3.949,0.6429,0.8984,0.4420,0.2103,0.3016,0.4622,0.1542
3.995,0.6659,0.8984,0.4491,0.2103,0.3090,0.4622,0.1618
4.055,0.6961,0.8984,0.4585,0.2103,0.3186,0.4622,0.1717
4.118,0.7119,0.8984,0.4682,0.2103,0.3286,0.4622,0.1820
4.167,0.7200,0.8984,0.4758,0.2103,0.3364,0.4622,0.1901
4.214,0.7357,0.8984,0.4831,0.2103,0.3440,0.4622,0.1979
4.261,0.7357,0.8984,0.4903,0.2103,0.3514,0.4622,0.2055
4.308,0.7357,0.8984,0.4977,0.2103,0.3591,0.4622,0.2134
4.354,0.7438,0.8984,0.5048,0.2103,0.3664,0.4622,0.2209
4.401,0.7519,0.8984,0.5121,0.2103,0.3739,0.4622,0.2286
4.450,0.7600,0.8984,0.5196,0.2103,0.3816,0.4622,0.2367
4.496,0.7600,0.8984,0.5267,0.2103,0.3890,0.4622,0.2442
4.542,0.7751,0.8984,0.5339,0.2103,0.3964,0.4622,0.2519
4.590,0.7751,0.8984,0.5413,0.2103,0.4040,0.4622,0.2597
4.639,0.7751,0.8984,0.5489,0.2103,0.4119,0.4622,0.2678
4.701,0.7908,0.8984,0.5585,0.2103,0.4218,0.4622,0.2780
4.747,0.7908,0.8984,0.5657,0.2103,0.4292,0.4622,0.2856
4.810,0.8061,0.8984,0.5755,0.2103,0.4392,0.4622,0.2960
4.859,0.8061,0.8984,0.5831,0.2103,0.4471,0.4622,0.3041
4.922,0.8061,0.8984,0.5928,0.2103,0.4571,0.4622,0.3144
4.969,0.8142,0.8984,0.6001,0.2103,0.4646,0.4622,0.3222
5.017,0.8142,0.8984,0.6075,0.2103,0.4723,0.4622,0.3300
5.064,0.8298,0.8984,0.6148,0.2103,0.4798,0.4622,0.3378
5.111,0.8298,0.8984,0.6221,0.2103,0.4873,0.4622,0.3455
5.157,0.8298,0.8984,0.6292,0.2103,0.4947,0.4622,0.3531
5.219,0.8298,0.8984,0.6388,0.2103,0.5046,0.4622,0.3633
5.266,0.8379,0.8984,0.6461,0.2103,0.5121,0.4622,0.3710
5.312,0.8379,0.8984,0.6533,0.2103,0.5195,0.4622,0.3787
5.360,0.8461,0.8984,0.6607,0.2103,0.5271,0.4622,0.3865
5.409,0.8461,0.8984,0.6682,0.2103,0.5349,0.4622,0.3945
5.457,0.8461,0.8984,0.6757,0.2103,0.5426,0.4622,0.4025
5.503,0.8611,0.8984,0.6829,0.2103,0.5500,0.4622,0.4101
5.550,0.8611,0.8984,0.6901,0.2103,0.5575,0.4622,0.4178
5.612,0.8611,0.8984,0.6998,0.2103,0.5674,0.4622,0.4281
5.676,0.8611,0.8984,0.7096,0.2103,0.5776,0.4622,0.4385
5.738,0.8611,0.8984,0.7193,0.2103,0.5876,0.4622,0.4488
5.787,0.8611,0.8984,0.7268,0.2103,0.5953,0.4622,0.4568
5.833,0.8611,0.8984,0.7340,0.2103,0.6027,0.4622,0.4645
5.880,0.8611,0.8984,0.7412,0.2103,0.6102,0.4622,0.4721
5.927,0.8611,0.8984,0.7485,0.2103,0.6176,0.4622,0.4798
5.990,0.8611,0.8984,0.7583,0.2103,0.6278,0.4622,0.4903
6.053,0.8611,0.8984,0.7681,0.2103,0.6379,0.4622,0.5007
6.100,0.8611,0.8984,0.7753,0.2103,0.6453,0.4622,0.5083
6.148,0.8611,0.8984,0.7827,0.2103,0.6530,0.4622,0.5162
6.196,0.8611,0.8984,0.7903,0.2103,0.6607,0.4622,0.5242
6.243,0.8611,0.8984,0.7975,0.2103,0.6682,0.4622,0.5319
6.305,0.8611,0.8984,0.8072,0.2103,0.6782,0.4622,0.5422
6.354,0.8611,0.8984,0.8147,0.2103,0.6860,0.4622,0.5502
6.417,0.8611,0.8984,0.8245,0.2103,0.6960,0.4622,0.5606
6.481,0.8611,0.8984,0.8343,0.2103,0.7062,0.4622,0.5710
6.530,0.8611,0.8984,0.8419,0.2103,0.7140,0.4622,0.5791
6.576,0.8611,0.8984,0.8491,0.2103,0.7214,0.4622,0.5867
6.624,0.8611,0.8984,0.8566,0.2103,0.7292,0.4622,0.5947
6.670,0.8611,0.8984,0.8637,0.2103,0.7365,0.4622,0.6023
6.718,0.8611,0.8984,0.8710,0.2103,0.7440,0.4622,0.6100
6.767,0.8611,0.8984,0.8786,0.2103,0.7519,0.4622,0.6181
6.814,0.8611,0.8984,0.8860,0.2103,0.7595,0.4622,0.6259
6.863,0.8611,0.8984,0.8935,0.2103,0.7673,0.4622,0.6340
6.909,0.8611,0.8984,0.9007,0.2103,0.7747,0.4622,0.6416
6.956,0.8611,0.8984,0.9079,0.2103,0.7821,0.4622,0.6493
7.004,0.8611,0.8984,0.9155,0.2103,0.7899,0.4622,0.6573
7.053,0.8693,0.2103,0.7977,0.4622,0.6653,0.2282,0.5253
7.100,0.8928,0.2103,0.8052,0.4622,0.6730,0.2282,0.5333
7.148,0.9165,0.2103,0.8128,0.4622,0.6808,0.2282,0.5413
7.195,0.9403,0.2103,0.8204,0.4622,0.6887,0.2282,0.5493
7.242,0.9500,0.2103,0.8279,0.4622,0.6965,0.2282,0.5573
7.306,0.9500,0.2103,0.8381,0.4622,0.7069,0.2282,0.5681
7.370,0.9500,0.2103,0.8483,0.4622,0.7174,0.2282,0.5789
7.416,0.9500,0.2103,0.8557,0.4622,0.7251,0.2282,0.5867
7.478,0.9500,0.2103,0.8656,0.4622,0.7353,0.2282,0.5973
7.525,0.9500,0.2103,0.8731,0.4622,0.7430,0.2282,0.6052
7.572,0.9500,0.2103,0.8807,0.4622,0.7508,0.2282,0.6132
7.619,0.9500,0.2103,0.8881,0.4622,0.7585,0.2282,0.6211
7.681,0.9500,0.2103,0.8980,0.4622,0.7687,0.2282,0.6316
7.727,0.9500,0.2103,0.9054,0.4622,0.7763,0.2282,0.6394
7.774,0.9500,0.2103,0.9128,0.4622,0.7839,0.2282,0.6472
7.821,0.9500,0.2103,0.9204,0.4622,0.7917,0.2282,0.6553
7.868,0.9500,0.2103,0.9278,0.4622,0.7994,0.2282,0.6632
7.930,0.9500,0.2103,0.9378,0.4622,0.8096,0.2282,0.6737
7.978,0.9500,0.2103,0.9454,0.4622,0.8175,0.2282,0.6818
8.023,0.9500,0.2103,0.9527,0.4622,0.8250,0.2282,0.6895
8.072,0.9500,0.2103,0.9605,0.4622,0.8331,0.2282,0.6978
8.118,0.9500,0.2103,0.9679,0.4622,0.8407,0.2282,0.7056
8.167,0.9500,0.2103,0.9757,0.4622,0.8487,0.2282,0.7138
8.214,0.9500,0.2103,0.9832,0.4622,0.8565,0.2282,0.7219
8.277,0.9500,0.2103,0.9933,0.4622,0.8669,0.2282,0.7326
8.341,0.9500,0.2103,1.0035,0.4622,0.8773,0.2282,0.7433
8.389,0.9500,0.2103,1.0111,0.4622,0.8852,0.2282,0.7514
8.450,0.9500,0.4622,0.8952,0.2282,0.7617,0.3085,0.6248
8.496,0.9500,0.4622,0.9028,0.2282,0.7695,0.3085,0.6329
8.557,0.9500,0.4622,0.9129,0.2282,0.7799,0.3085,0.6435
8.603,0.9500,0.4622,0.9205,0.2282,0.7876,0.3085,0.6515
8.652,0.9500,0.4622,0.9285,0.2282,0.7959,0.3085,0.6599
8.699,0.9500,0.4622,0.9363,0.2282,0.8039,0.3085,0.6682
8.747,0.9500,0.4622,0.9441,0.2282,0.8120,0.3085,0.6765
8.794,0.9500,0.4622,0.9518,0.2282,0.8199,0.3085,0.6846
8.857,0.9500,0.4622,0.9622,0.2282,0.8306,0.3085,0.6955
8.906,0.9500,0.4622,0.9703,0.2282,0.8389,0.3085,0.7041
8.952,0.9500,0.4622,0.9779,0.2282,0.8467,0.3085,0.7121
9.001,0.9500,0.4622,0.9859,0.2282,0.8550,0.3085,0.7206
9.049,0.9419,0.4622,0.9939,0.2282,0.8632,0.3085,0.7290
9.111,0.9112,0.4622,1.0040,0.2282,0.8736,0.3085,0.7397
9.157,0.8880,0.4622,1.0117,0.2282,0.8814,0.3085,0.7478
9.206,0.8636,0.2282,0.8897,0.3085,0.7563,0.5130,0.6164
9.268,0.8482,0.2282,0.9002,0.3085,0.7670,0.5130,0.6274
9.331,0.8166,0.2282,0.9109,0.3085,0.7780,0.5130,0.6387
9.377,0.7936,0.2282,0.9187,0.3085,0.7860,0.5130,0.6470
9.424,0.7700,0.2282,0.9266,0.3085,0.7942,0.5130,0.6554
9.471,0.7466,0.2282,0.9346,0.3085,0.8023,0.5130,0.6637
9.534,0.7150,0.2282,0.9452,0.3085,0.8133,0.5130,0.6750
9.582,0.6909,0.2282,0.9534,0.3085,0.8217,0.5130,0.6836
9.646,0.6590,0.2282,0.9642,0.3085,0.8328,0.5130,0.6950
9.693,0.6357,0.2282,0.9721,0.3085,0.8409,0.5130,0.7033
9.739,0.6124,0.2282,0.9800,0.3085,0.8490,0.5130,0.7116
9.802,0.5808,0.2282,0.9907,0.3085,0.8600,0.5130,0.7228
9.850,0.5572,0.2282,0.9987,0.3085,0.8682,0.5130,0.7313
9.912,0.5258,0.2282,1.0093,0.3085,0.8791,0.5130,0.7425
9.976,0.4941,0.3085,0.8901,0.5130,0.7538,0.1430,0.6112
10.024,0.5180,0.3085,0.8984,0.5130,0.7623,0.1430,0.6199
10.072,0.5419,0.3085,0.9067,0.5130,0.7708,0.1430,0.6287
10.135,0.5419,0.3085,0.9177,0.5130,0.7821,0.1430,0.6402
10.182,0.5419,0.3085,0.9260,0.5130,0.7906,0.1430,0.6490
10.229,0.5419,0.3085,0.9340,0.5130,0.7989,0.1430,0.6574
10.290,0.5419,0.3085,0.9447,0.5130,0.8098,0.1430,0.6686
10.337,0.5419,0.3085,0.9530,0.5130,0.8183,0.1430,0.6773
10.384,0.5419,0.3085,0.9610,0.5130,0.8265,0.1430,0.6857
10.431,0.5419,0.3085,0.9692,0.5130,0.8350,0.1430,0.6944
10.477,0.5419,0.3085,0.9772,0.5130,0.8432,0.1430,0.7029
10.524,0.5419,0.3085,0.9854,0.5130,0.8516,0.1430,0.7115
10.588,0.5419,0.3085,0.9965,0.5130,0.8630,0.1430,0.7231
10.637,0.5419,0.3085,1.0050,0.5130,0.8717,0.1430,0.7320
10.684,0.5337,0.3085,1.0131,0.5130,0.8800,0.1430,0.7406
10.730,0.5107,0.5130,0.8882,0.1430,0.7490,0.1925,0.6067
10.793,0.5425,0.5130,0.8995,0.1430,0.7606,0.1925,0.6186
10.841,0.5663,0.5130,0.9081,0.1430,0.7693,0.1925,0.6275
10.887,0.5893,0.5130,0.9163,0.1430,0.7777,0.1925,0.6361
10.934,0.6049,0.5130,0.9247,0.1430,0.7863,0.1925,0.6449
10.995,0.6049,0.5130,0.9356,0.1430,0.7975,0.1925,0.6563
11.044,0.6049,0.5130,0.9442,0.1430,0.8064,0.1925,0.6654
11.092,0.6049,0.5130,0.9529,0.1430,0.8153,0.1925,0.6746
11.155,0.6049,0.5130,0.9640,0.1430,0.8267,0.1925,0.6862
11.202,0.6049,0.5130,0.9725,0.1430,0.8353,0.1925,0.6951
11.250,0.6049,0.5130,0.9810,0.1430,0.8440,0.1925,0.7040
11.299,0.6049,0.5130,0.9897,0.1430,0.8530,0.1925,0.7132
11.345,0.6049,0.5130,0.9980,0.1430,0.8614,0.1925,0.7218
11.393,0.5887,0.5130,1.0066,0.1430,0.8703,0.1925,0.7309
11.440,0.5652,0.5130,1.0150,0.1430,0.8789,0.1925,0.7396
11.487,0.5580,0.1430,0.8875,0.1925,0.7484,0.0503,0.6014
11.548,0.5886,0.1430,0.8986,0.1925,0.7599,0.0503,0.6131
11.595,0.6120,0.1430,0.9072,0.1925,0.7686,0.0503,0.6220
11.641,0.6348,0.1430,0.9155,0.1925,0.7771,0.0503,0.6308
11.686,0.6577,0.1430,0.9239,0.1925,0.7857,0.0503,0.6395
11.734,0.6814,0.1430,0.9326,0.1925,0.7946,0.0503,0.6486
11.783,0.7060,0.1430,0.9416,0.1925,0.8038,0.0503,0.6580
11.831,0.7297,0.1430,0.9502,0.1925,0.8127,0.0503,0.6671
11.877,0.7531,0.1430,0.9588,0.1925,0.8214,0.0503,0.6761
11.938,0.7836,0.1430,0.9699,0.1925,0.8328,0.0503,0.6877
12.001,0.8149,0.1430,0.9814,0.1925,0.8445,0.0503,0.6997
12.063,0.8460,0.1430,0.9927,0.1925,0.8562,0.0503,0.7116
12.109,0.8689,0.1430,1.0011,0.1925,0.8647,0.0503,0.7204
12.172,0.8770,0.1430,1.0127,0.1925,0.8766,0.0503,0.7325
12.219,0.8770,0.1925,0.8853,0.0503,0.7414,0.5584,0.5951
12.282,0.8454,0.1925,0.8972,0.0503,0.7535,0.5584,0.6075
12.345,0.8141,0.1925,0.9089,0.0503,0.7655,0.5584,0.6198
12.392,0.7905,0.1925,0.9177,0.0503,0.7746,0.5584,0.6290
12.455,0.7591,0.1925,0.9294,0.0503,0.7866,0.5584,0.6413
12.502,0.7355,0.1925,0.9383,0.0503,0.7956,0.5584,0.6505
12.549,0.7120,0.1925,0.9471,0.0503,0.8046,0.5584,0.6597
12.595,0.6889,0.1925,0.9557,0.0503,0.8135,0.5584,0.6687
12.643,0.6651,0.1925,0.9646,0.0503,0.8225,0.5584,0.6780
12.705,0.6340,0.1925,0.9763,0.0503,0.8345,0.5584,0.6902
12.751,0.6108,0.1925,0.9850,0.0503,0.8434,0.5584,0.6993
12.799,0.5871,0.1925,0.9938,0.0503,0.8524,0.5584,0.7085
12.845,0.5640,0.1925,1.0025,0.0503,0.8613,0.5584,0.7176
12.891,0.5408,0.1925,1.0111,0.0503,0.8702,0.5584,0.7267
12.939,0.5170,0.0503,0.8792,0.5584,0.7359,0.4774,0.5913
12.985,0.5170,0.0503,0.8881,0.5584,0.7450,0.4774,0.6006
13.032,0.5170,0.0503,0.8971,0.5584,0.7542,0.4774,0.6099
13.081,0.5170,0.0503,0.9065,0.5584,0.7638,0.4774,0.6197
13.143,0.5170,0.0503,0.9183,0.5584,0.7759,0.4774,0.6321
13.192,0.5170,0.0503,0.9278,0.5584,0.7855,0.4774,0.6419
13.242,0.5170,0.0503,0.9372,0.5584,0.7951,0.4774,0.6517
13.290,0.5170,0.0503,0.9464,0.5584,0.8045,0.4774,0.6613
13.336,0.5170,0.0503,0.9552,0.5584,0.8136,0.4774,0.6705
13.384,0.5170,0.0503,0.9644,0.5584,0.8230,0.4774,0.6801
13.446,0.5170,0.0503,0.9764,0.5584,0.8352,0.4774,0.6926
13.493,0.5170,0.0503,0.9852,0.5584,0.8442,0.4774,0.7018
13.557,0.5170,0.0503,0.9975,0.5584,0.8568,0.4774,0.7146
13.603,0.5170,0.0503,1.0064,0.5584,0.8659,0.4774,0.7239
13.666,0.5170,0.0503,1.0184,0.5584,0.8782,0.4774,0.7364
13.715,0.5170,0.5584,0.8877,0.4774,0.7462,0.3984,0.5981
13.764,0.5170,0.5584,0.8972,0.4774,0.7559,0.3984,0.6080
13.811,0.5170,0.5584,0.9064,0.4774,0.7653,0.3984,0.6176
13.857,0.5170,0.5584,0.9155,0.4774,0.7745,0.3984,0.6271
13.921,0.5325,0.4774,0.7872,0.3984,0.6400,0.1522,0.4956
13.970,0.5570,0.4774,0.7970,0.3984,0.6500,0.1522,0.5057
14.017,0.5806,0.4774,0.8064,0.3984,0.6595,0.1522,0.5155
14.063,0.6035,0.4774,0.8155,0.3984,0.6689,0.1522,0.5250
14.109,0.6268,0.4774,0.8248,0.3984,0.6784,0.1522,0.5347
14.158,0.6512,0.4774,0.8346,0.3984,0.6883,0.1522,0.5448
14.219,0.6816,0.4774,0.8467,0.3984,0.7006,0.1522,0.5574
14.265,0.7049,0.4774,0.8560,0.3984,0.7101,0.1522,0.5671
14.312,0.7282,0.4774,0.8653,0.3984,0.7196,0.1522,0.5767
14.359,0.7516,0.4774,0.8746,0.3984,0.7291,0.1522,0.5864
14.422,0.7831,0.4774,0.8872,0.3984,0.7420,0.1522,0.5995
14.471,0.8076,0.4774,0.8970,0.3984,0.7519,0.1522,0.6097
14.517,0.8309,0.4774,0.9063,0.3984,0.7614,0.1522,0.6193
14.565,0.8546,0.4774,0.9157,0.3984,0.7710,0.1522,0.6291
14.611,0.8546,0.4774,0.9250,0.3984,0.7805,0.1522,0.6388
14.658,0.8546,0.4774,0.9344,0.3984,0.7901,0.1522,0.6486
14.705,0.8546,0.4774,0.9437,0.3984,0.7995,0.1522,0.6582
14.767,0.8546,0.4774,0.9560,0.3984,0.8121,0.1522,0.6710
14.814,0.8546,0.4774,0.9654,0.3984,0.8217,0.1522,0.6808
14.861,0.8546,0.4774,0.9748,0.3984,0.8313,0.1522,0.6905
14.907,0.8546,0.4774,0.9840,0.3984,0.8407,0.1522,0.7001
14.953,0.8546,0.4774,0.9933,0.3984,0.8501,0.1522,0.7097
15.016,0.8546,0.4774,1.0058,0.3984,0.8629,0.1522,0.7227
15.063,0.8313,0.4774,1.0151,0.3984,0.8724,0.1522,0.7324
15.109,0.8081,0.3984,0.8818,0.1522,0.7420,0.6561,0.5916
15.155,0.7853,0.3984,0.8911,0.1522,0.7515,0.6561,0.6012
15.218,0.7534,0.3984,0.9041,0.1522,0.7647,0.6561,0.6147
15.265,0.7303,0.3984,0.9135,0.1522,0.7743,0.6561,0.6245
15.310,0.7076,0.3984,0.9227,0.1522,0.7837,0.6561,0.6341
15.359,0.6832,0.3984,0.9327,0.1522,0.7938,0.6561,0.6444
15.406,0.6596,0.3984,0.9423,0.1522,0.8036,0.6561,0.6543
15.453,0.6361,0.3984,0.9518,0.1522,0.8133,0.6561,0.6642
15.500,0.6127,0.3984,0.9614,0.1522,0.8231,0.6561,0.6741
15.547,0.5892,0.3984,0.9709,0.1522,0.8328,0.6561,0.6841
15.596,0.5648,0.3984,0.9808,0.1522,0.8429,0.6561,0.6943
15.641,0.5420,0.3984,0.9902,0.1522,0.8524,0.6561,0.7040
15.703,0.5110,0.3984,1.0028,0.1522,0.8652,0.6561,0.7171
15.766,0.4794,0.3984,1.0156,0.1522,0.8783,0.6561,0.7304
15.812,0.4565,0.1522,0.8879,0.6561,0.7401,0.7431,0.5954
15.859,0.4332,0.1522,0.8975,0.6561,0.7499,0.7431,0.6053
15.906,0.4096,0.1522,0.9073,0.6561,0.7599,0.7431,0.6155
15.969,0.4096,0.1522,0.9203,0.6561,0.7732,0.7431,0.6290
16.016,0.4096,0.1522,0.9300,0.6561,0.7830,0.7431,0.6390
16.062,0.4096,0.1522,0.9396,0.6561,0.7928,0.7431,0.6490
16.109,0.4096,0.1522,0.9492,0.6561,0.8026,0.7431,0.6590
16.154,0.4096,0.1522,0.9588,0.6561,0.8124,0.7431,0.6689
16.201,0.4096,0.1522,0.9684,0.6561,0.8222,0.7431,0.6789
16.248,0.4096,0.1522,0.9781,0.6561,0.8321,0.7431,0.6889
16.294,0.4096,0.1522,0.9878,0.6561,0.8419,0.7431,0.6990
16.343,0.4096,0.1522,0.9979,0.6561,0.8522,0.7431,0.7094
16.391,0.4096,0.1522,1.0078,0.6561,0.8623,0.7431,0.7197
16.438,0.4096,0.1522,1.0176,0.6561,0.8722,0.7431,0.7298
16.500,0.3940,0.6561,0.8853,0.7431,0.7431,0.5492,0.5935
16.549,0.3695,0.6561,0.8956,0.7431,0.7536,0.5492,0.6042
16.595,0.3466,0.6561,0.9053,0.7431,0.7635,0.5492,0.6142
16.640,0.3237,0.6561,0.9150,0.7431,0.7733,0.5492,0.6242
16.688,0.3001,0.6561,0.9249,0.7431,0.7835,0.5492,0.6345
16.751,0.3001,0.6561,0.9383,0.7431,0.7970,0.5492,0.6483
16.799,0.2919,0.6561,0.9484,0.7431,0.8073,0.5492,0.6588
16.845,0.2771,0.6561,0.9581,0.7431,0.8172,0.5492,0.6688
16.893,0.2771,0.6561,0.9684,0.7431,0.8277,0.5492,0.6795
16.940,0.2618,0.6561,0.9782,0.7431,0.8377,0.5492,0.6897
16.987,0.2618,0.6561,0.9881,0.7431,0.8477,0.5492,0.6999
17.033,0.2467,0.6561,0.9979,0.7431,0.8577,0.5492,0.7100
17.096,0.2308,0.6561,1.0112,0.7431,0.8713,0.5492,0.7238
17.143,0.2308,0.7431,0.8814,0.5492,0.7341,0.3761,0.5859
17.190,0.2308,0.7431,0.8914,0.5492,0.7443,0.3761,0.5963
17.252,0.2308,0.7431,0.9047,0.5492,0.7578,0.3761,0.6101
17.316,0.2308,0.7431,0.9184,0.5492,0.7718,0.3761,0.6242
17.363,0.2308,0.7431,0.9286,0.5492,0.7821,0.3761,0.6348
17.425,0.2308,0.7431,0.9418,0.5492,0.7956,0.3761,0.6484
17.471,0.2308,0.7431,0.9518,0.5492,0.8057,0.3761,0.6587
17.517,0.2308,0.7431,0.9617,0.5492,0.8158,0.3761,0.6690
17.564,0.2076,0.7431,0.9717,0.5492,0.8260,0.3761,0.6794
17.610,0.1844,0.7431,0.9817,0.5492,0.8361,0.3761,0.6896
17.659,0.1599,0.7431,0.9922,0.5492,0.8468,0.3761,0.7005
17.704,0.1372,0.7431,1.0020,0.5492,0.8568,0.3761,0.7106
17.751,0.1140,0.7431,1.0119,0.5492,0.8669,0.3761,0.7209
17.797,0.0909,0.5492,0.8770,0.3761,0.7312,0.9458,0.5844
17.844,0.1141,0.5492,0.8872,0.3761,0.7415,0.9458,0.5949
17.906,0.1451,0.5492,0.9007,0.3761,0.7553,0.9458,0.6089
17.953,0.1690,0.5492,0.9111,0.3761,0.7659,0.9458,0.6197
18.001,0.1930,0.5492,0.9216,0.3761,0.7766,0.9458,0.6305
18.047,0.2161,0.5492,0.9317,0.3761,0.7868,0.9458,0.6410
18.093,0.2242,0.5492,0.9417,0.3761,0.7970,0.9458,0.6513
18.140,0.2242,0.5492,0.9520,0.3761,0.8074,0.9458,0.6619
18.186,0.2392,0.5492,0.9621,0.3761,0.8177,0.9458,0.6724
18.233,0.2392,0.5492,0.9724,0.3761,0.8282,0.9458,0.6830
18.296,0.2546,0.5492,0.9862,0.3761,0.8422,0.9458,0.6972
18.343,0.2546,0.5492,0.9963,0.3761,0.8525,0.9458,0.7077
18.390,0.2546,0.5492,1.0065,0.3761,0.8629,0.9458,0.7182
18.438,0.2627,0.5492,1.0172,0.3761,0.8737,0.9458,0.7293
18.500,0.2627,0.3761,0.8873,0.9458,0.7431,0.4624,0.5937
18.545,0.2627,0.3761,0.8975,0.9458,0.7534,0.4624,0.6041
18.608,0.2627,0.3761,0.9114,0.9458,0.7676,0.4624,0.6185
18.657,0.2627,0.3761,0.9223,0.9458,0.7786,0.4624,0.6298
18.721,0.2627,0.3761,0.9364,0.9458,0.7930,0.4624,0.6443
18.768,0.2627,0.3761,0.9470,0.9458,0.8037,0.4624,0.6552
18.817,0.2627,0.3761,0.9578,0.9458,0.8147,0.4624,0.6664
18.863,0.2627,0.3761,0.9680,0.9458,0.8251,0.4624,0.6769
18.925,0.2627,0.3761,0.9819,0.9458,0.8392,0.4624,0.6912
18.971,0.2627,0.3761,0.9921,0.9458,0.8495,0.4624,0.7017
19.018,0.2627,0.3761,1.0024,0.9458,0.8600,0.4624,0.7124
19.064,0.2627,0.3761,1.0128,0.9458,0.8705,0.4624,0.7231
19.111,0.2627,0.9458,0.8810,0.4624,0.7337,0.2253,0.5849
19.157,0.2627,0.9458,0.8914,0.4624,0.7443,0.2253,0.5956
19.204,0.2627,0.9458,0.9020,0.4624,0.7551,0.2253,0.6066
19.252,0.2627,0.9458,0.9130,0.4624,0.7662,0.2253,0.6179
19.299,0.2627,0.9458,0.9235,0.4624,0.7769,0.2253,0.6287
19.345,0.2627,0.9458,0.9339,0.4624,0.7874,0.2253,0.6394
19.391,0.2627,0.9458,0.9443,0.4624,0.7980,0.2253,0.6502
19.438,0.2627,0.9458,0.9550,0.4624,0.8088,0.2253,0.6611
19.487,0.2627,0.9458,0.9660,0.4624,0.8201,0.2253,0.6725
19.534,0.2391,0.9458,0.9767,0.4624,0.8309,0.2253,0.6835
19.581,0.2159,0.9458,0.9872,0.4624,0.8415,0.2253,0.6943
19.642,0.1852,0.9458,1.0010,0.4624,0.8556,0.2253,0.7086
19.690,0.1612,0.9458,1.0119,0.4624,0.8666,0.2253,0.7197
19.737,0.1376,0.4624,0.8775,0.2253,0.7307,0.5727,0.5861
19.786,0.1376,0.4624,0.8887,0.2253,0.7421,0.5727,0.5977
19.834,0.1376,0.4624,0.8995,0.2253,0.7531,0.5727,0.6089
19.897,0.1376,0.4624,0.9140,0.2253,0.7678,0.5727,0.6238
19.959,0.1376,0.4624,0.9283,0.2253,0.7823,0.5727,0.6385
20.006,0.1376,0.4624,0.9390,0.2253,0.7931,0.5727,0.6494
20.053,0.1376,0.4624,0.9497,0.2253,0.8041,0.5727,0.6605
20.100,0.1376,0.4624,0.9605,0.2253,0.8150,0.5727,0.6716
20.145,0.1376,0.4624,0.9710,0.2253,0.8257,0.5727,0.6824
20.210,0.1376,0.4624,0.9857,0.2253,0.8406,0.5727,0.6976
20.257,0.1376,0.4624,0.9966,0.2253,0.8516,0.5727,0.7087
20.304,0.1376,0.4624,1.0073,0.2253,0.8625,0.5727,0.7198
20.365,0.1376,0.2253,0.8768,0.5727,0.7343,0.5240,0.5917
20.411,0.1606,0.2253,0.8875,0.5727,0.7452,0.5240,0.6027
20.458,0.1687,0.2253,0.8983,0.5727,0.7561,0.5240,0.6138
20.504,0.1687,0.2253,0.9091,0.5727,0.7671,0.5240,0.6249
